PR,URL,HTTP status code,Content type,Is indexable page,Title,Title length,Meta description,Meta description length,H1,H1 length,Meta robots,Robots information in HTTP headers,Canonical URL,Canonical URL code,Size (bytes),No. of content words,Depth,No. of href inlinks,No. of inlinks dofollow,No. of internal outlinks,No. of external outlinks,Loading time (ms),Redirect URL,Redirect URL code,Final redirect URL,Final redirect URL code,Organic traffic,No. of backlinks,No. of dofollow backlinks,No. of nofollow backlinks,No. of referring domains,No. of referring pages
39,https://www.newyorkspecialed.net/,200,text/html; charset=utf-8,true,NY Special Education Rights & CSE Guide | newyorkspecialed.net,62,"The comprehensive parent guide to New York Special Education. Navigate the Committee on Special Education (CSE), evaluations, and IEPs in NYC and NY State.",155,Demystifying New York Special Education,39,,,https://www.newyorkspecialed.net/,200,8195,931,0,512,512,89,0,43,,,,,0,0,0,0,0,0
39,https://www.newyorkspecialed.net/resources/,200,text/html; charset=utf-8,true,NY Parent Resources | newyorkspecialed.net,42,,,"NY Parent Resources
Navigating New York Special Education: Your Essential Resource Hub","19
66",,,https://www.newyorkspecialed.net/resources/,200,5111,834,0,512,512,34,0,54,,,,,0,0,0,0,0,0
39,https://www.newyorkspecialed.net/districts/,200,text/html; charset=utf-8,true,New York School Districts Directory | NY Special Education,58,"Find special education resources, CSE guides, and parent support for every major New York school district.",106,New York Districts Directory,28,,,https://www.newyorkspecialed.net/districts/,200,5637,349,0,512,512,35,0,93,,,,,0,0,0,0,0,0
39,https://www.newyorkspecialed.net/guides/,200,text/html; charset=utf-8,true,Special Education Guides | NY Special Ed,40,,,NY Special Education Guides,27,,,https://www.newyorkspecialed.net/guides/,200,3558,310,0,512,512,32,0,42,,,,,0,0,0,0,0,0
20,https://www.newyorkspecialed.net/districts/nyc-district-07-south-bronx/special-ed-updates.html,200,text/html; charset=utf-8,true,District 7 Special Education: Essential Parent Intel & Updates,62,"Stay ahead of District 7 special education changes. Get critical news, trends, and advocacy strategies before your child's next CSE meeting.",140,District 7 Special Education: Parent Intel,42,,,https://www.newyorkspecialed.net/districts/nyc-district-07-south-bronx/special-ed-updates.html,200,6474,1193,1,8,8,40,0,47,,,,,0,0,0,0,0,0
20,https://www.newyorkspecialed.net/districts/freeport-ufsd/partners.html,200,text/html; charset=utf-8,true,Special Education Providers & Support in Freeport UFSD | NY Special Ed,70,"Navigating special education in Freeport UFSD can be complex. Learn about CSE meetings, IEPs, and find local advocates to support your child in Freeport, NY.",157,Special Education Providers in Freeport UFSD,44,,,https://www.newyorkspecialed.net/districts/freeport-ufsd/partners.html,200,5283,813,1,8,8,40,9,47,,,,,0,0,0,0,0,0
20,https://www.newyorkspecialed.net/districts/syracuse-city-sd/partners.html,200,text/html; charset=utf-8,true,Special Education Providers & Support in Syracuse City SD | NY Special Ed,73,"Need help navigating special education in Syracuse City SD? Learn about CSE meetings, evaluations, and your rights. Connect with local advocates in Syracuse.",157,Special Education Providers in Syracuse City SD,47,,,https://www.newyorkspecialed.net/districts/syracuse-city-sd/partners.html,200,5301,815,1,9,9,40,9,158,,,,,0,0,0,0,0,0
20,https://www.newyorkspecialed.net/districts/nyc-district-05-central-harlem/special-ed-updates.html,200,text/html; charset=utf-8,true,District 5 Special Education: Essential Parent Intel & Updates,62,"Stay ahead of District 5 special education changes. Get critical news, trends, and advocacy strategies before your child's next CSE meeting.",140,District 5 Special Education: Parent Intel,42,,,https://www.newyorkspecialed.net/districts/nyc-district-05-central-harlem/special-ed-updates.html,200,6338,1191,1,9,9,40,0,147,,,,,0,0,0,0,0,0
20,https://www.newyorkspecialed.net/districts/freeport-ufsd/cse-meeting-guide.html,200,text/html; charset=utf-8,true,CSE Meeting Guide for Freeport UFSD,35,"Prepare for your Committee on Special Education meeting in Freeport UFSD. Tips for Bilingual community, inclusion programs, CSE process.",136,Who Must Be in the Room,23,,,https://www.newyorkspecialed.net/districts/freeport-ufsd/cse-meeting-guide.html,200,9633,2627,0,8,8,39,0,48,,,,,0,0,0,0,0,0
20,https://www.newyorkspecialed.net/districts/nyc-district-04-east-harlem/leadership-directory.html,200,text/html; charset=utf-8,true,Special Education Contacts: District 4,38,"Direct phone numbers and emails for District 4 Committee on Special Education (CSE), CPSE, and leadership offices.",114,,,,,https://www.newyorkspecialed.net/districts/nyc-district-04-east-harlem/leadership-directory.html,200,6553,1728,0,9,9,39,0,77,,,,,0,0,0,0,0,0
20,https://www.newyorkspecialed.net/districts/nyc-district-19-east-new-york/cse-meeting-guide.html,200,text/html; charset=utf-8,true,CSE Meeting Guide for District 19,33,"Prepare for your Committee on Special Education meeting in District 19. Tips for Related service gaps, school safety/BIP, manifestation hearings.",145,Who Must Be in the Room,23,,,https://www.newyorkspecialed.net/districts/nyc-district-19-east-new-york/cse-meeting-guide.html,200,9614,2600,0,8,8,39,0,50,,,,,0,0,0,0,0,0
20,https://www.newyorkspecialed.net/districts/nyc-district-30-astoria/parent-advocacy-guide.html,200,text/html; charset=utf-8,true,CSE Advocacy Guide for NYC District 30 Astoria Parents | NY Special Ed,70,"A special education parent advocacy guide for NYC District 30 Astoria. Learn about CSE meetings, IEPs, parent rights, and how to advocate effectively for your child.",165,Parent Advocacy Guide for NYC District 30 Astoria,49,,,https://www.newyorkspecialed.net/districts/nyc-district-30-astoria/parent-advocacy-guide.html,200,4955,1124,2,1,1,40,0,76,,,,,0,0,0,0,0,0
20,https://www.newyorkspecialed.net/districts/nyc-district-16-bed-stuy/leadership-directory.html,200,text/html; charset=utf-8,true,Special Education Contacts: District 16,39,"Direct phone numbers and emails for District 16 Committee on Special Education (CSE), CPSE, and leadership offices.",115,,,,,https://www.newyorkspecialed.net/districts/nyc-district-16-bed-stuy/leadership-directory.html,200,6347,1547,0,8,8,39,0,97,,,,,0,0,0,0,0,0
20,https://www.newyorkspecialed.net/districts/nyc-district-05-central-harlem/discipline-rights.html,200,text/html; charset=utf-8,true,Student Discipline Rights in District 5,39,"Suspension, MDR, and discipline rights for students with disabilities in District 5.",84,Discipline Rights & the Manifestation Determination Review,58,,,https://www.newyorkspecialed.net/districts/nyc-district-05-central-harlem/discipline-rights.html,200,8249,2138,0,9,9,39,0,39,,,,,0,0,0,0,0,0
20,https://www.newyorkspecialed.net/districts/nyc-district-04-east-harlem/parent-advocacy-guide.html,200,text/html; charset=utf-8,true,CSE Advocacy Guide for NYC District 04 East Harlem Parents | NY Special Ed,74,"A parent advocacy guide for special education in NYC District 04 East Harlem. Learn about CSE meetings, IEPs, parent rights, and effective advocacy.",148,Parent Advocacy Guide for NYC District 04 East Harlem,53,,,https://www.newyorkspecialed.net/districts/nyc-district-04-east-harlem/parent-advocacy-guide.html,200,4881,1077,2,1,1,40,0,58,,,,,0,0,0,0,0,0
20,https://www.newyorkspecialed.net/districts/hempstead-ufsd/evaluation-process.html,200,text/html; charset=utf-8,true,Requesting an Evaluation in Hempstead UFSD,42,Step-by-step guide to the 60-day special education evaluation timeline in Hempstead UFSD.,89,Requesting a Special Education Evaluation,41,,,https://www.newyorkspecialed.net/districts/hempstead-ufsd/evaluation-process.html,200,9544,2545,0,8,8,39,0,36,,,,,0,0,0,0,0,0
20,https://www.newyorkspecialed.net/districts/nyc-district-10-riverdale/cse-meeting-guide.html,200,text/html; charset=utf-8,true,CSE Meeting Guide for District 10,33,"Prepare for your Committee on Special Education meeting in District 10. Tips for ICT classroom placement, related services, gifted+IEP.",135,Navigating Your CSE Meeting,27,,,https://www.newyorkspecialed.net/districts/nyc-district-10-riverdale/cse-meeting-guide.html,200,9472,2558,0,8,8,39,0,48,,,,,0,0,0,0,0,0
20,https://www.newyorkspecialed.net/districts/nyc-district-18-east-flatbush/discipline-rights.html,200,text/html; charset=utf-8,true,Student Discipline Rights in District 18,40,"Suspension, MDR, and discipline rights for students with disabilities in District 18.",85,Discipline Rights & the Manifestation Determination Review,58,,,https://www.newyorkspecialed.net/districts/nyc-district-18-east-flatbush/discipline-rights.html,200,8702,2372,0,8,8,39,0,70,,,,,0,0,0,0,0,0
20,https://www.newyorkspecialed.net/districts/nyc-district-15-park-slope/special-ed-updates.html,200,text/html; charset=utf-8,true,District 15 Special Education: Essential Parent Intel & Updates,63,"Stay ahead of District 15 special education changes. Get critical news, trends, and advocacy strategies before your child's next CSE meeting.",141,District 15 Special Education: Parent Intel,43,,,https://www.newyorkspecialed.net/districts/nyc-district-15-park-slope/special-ed-updates.html,200,6494,1272,1,9,9,40,0,56,,,,,0,0,0,0,0,0
20,https://www.newyorkspecialed.net/districts/nyc-district-09-grand-concourse/cse-meeting-guide.html,200,text/html; charset=utf-8,true,CSE Meeting Guide for District 9,32,"Prepare for your Committee on Special Education meeting in District 9. Tips for Behavioral IEP goals, suspension protections, manifestation determinations.",155,Who Must Be in the Room,23,,,https://www.newyorkspecialed.net/districts/nyc-district-09-grand-concourse/cse-meeting-guide.html,200,11644,3583,0,8,8,39,0,39,,,,,0,0,0,0,0,0
20,https://www.newyorkspecialed.net/districts/nyc-district-12-soundview/leadership-directory.html,200,text/html; charset=utf-8,true,Special Education Contacts: District 12,39,"Direct phone numbers and emails for District 12 Committee on Special Education (CSE), CPSE, and leadership offices.",115,,,,,https://www.newyorkspecialed.net/districts/nyc-district-12-soundview/leadership-directory.html,200,6217,1549,0,8,8,39,0,94,,,,,0,0,0,0,0,0
20,https://www.newyorkspecialed.net/districts/nyc-district-12-soundview/parent-advocacy-guide.html,200,text/html; charset=utf-8,true,CSE Advocacy Guide for NYC District 12 Soundview Parents | NY Special Ed,72,"A parent's guide to special education in NYC District 12 Soundview. Learn about CSE meetings, IEPs, parent rights, evaluations, and advocating for your child.",158,Parent Advocacy Guide for NYC District 12 Soundview,51,,,https://www.newyorkspecialed.net/districts/nyc-district-12-soundview/parent-advocacy-guide.html,200,4438,934,1,3,3,40,0,39,,,,,0,0,0,0,0,0
20,https://www.newyorkspecialed.net/districts/nyc-district-15-park-slope/leadership-directory.html,200,text/html; charset=utf-8,true,Special Education Contacts: District 15,39,"Direct phone numbers and emails for District 15 Committee on Special Education (CSE), CPSE, and leadership offices.",115,,,,,https://www.newyorkspecialed.net/districts/nyc-district-15-park-slope/leadership-directory.html,200,6886,1839,0,9,9,39,0,45,,,,,0,0,0,0,0,0
20,https://www.newyorkspecialed.net/districts/yonkers-city-sd/evaluation-process.html,200,text/html; charset=utf-8,true,Requesting an Evaluation in Yonkers City SD,43,Step-by-step guide to the 60-day special education evaluation timeline in Yonkers City SD.,90,Requesting a Special Education Evaluation,41,,,https://www.newyorkspecialed.net/districts/yonkers-city-sd/evaluation-process.html,200,11245,3497,0,9,9,39,0,53,,,,,0,0,0,0,0,0
20,https://www.newyorkspecialed.net/districts/nyc-district-21-coney-island/partners.html,200,text/html; charset=utf-8,true,Special Education Providers & Support in NYC District 21 Coney Island | NY Special Ed,85,"Navigate special education in NYC District 21, Coney Island. Learn about CSE meetings, IEPs, your rights, and connect with local special education advocates.",157,Special Education Providers in NYC District 21 Coney Island,59,,,https://www.newyorkspecialed.net/districts/nyc-district-21-coney-island/partners.html,200,5271,830,1,8,8,40,9,35,,,,,0,0,0,0,0,0
20,https://www.newyorkspecialed.net/districts/nyc-district-75/partners.html,200,text/html; charset=utf-8,true,Special Education Providers & Support in NYC District 75 | NY Special Ed,72,Navigating special education in NYC District 75 can be tough. Understand your rights at CSE meetings and connect with local advocates for support.,146,Special Education Providers in NYC District 75,46,,,https://www.newyorkspecialed.net/districts/nyc-district-75/partners.html,200,5217,818,1,9,9,40,9,70,,,,,0,0,0,0,0,0
20,https://www.newyorkspecialed.net/districts/nyc-district-21-coney-island/special-ed-updates.html,200,text/html; charset=utf-8,true,District 21 Special Education: Essential Parent Intel & Updates,63,"Stay ahead of District 21 special education changes. Get critical news, trends, and advocacy strategies before your child's next CSE meeting.",141,District 21 Special Education: Parent Intel,43,,,https://www.newyorkspecialed.net/districts/nyc-district-21-coney-island/special-ed-updates.html,200,6427,1229,1,8,8,40,0,77,,,,,0,0,0,0,0,0
20,https://www.newyorkspecialed.net/districts/nyc-district-29-queens-village/special-ed-updates.html,200,text/html; charset=utf-8,true,District 29 Special Education: Essential Parent Intel & Updates,63,"Stay ahead of District 29 special education changes. Get critical news, trends, and advocacy strategies before your child's next CSE meeting.",141,District 29 Special Education: Parent Intel,43,,,https://www.newyorkspecialed.net/districts/nyc-district-29-queens-village/special-ed-updates.html,200,6101,1089,1,8,8,40,0,47,,,,,0,0,0,0,0,0
20,https://www.newyorkspecialed.net/districts/niagara-falls-city-sd/,200,text/html; charset=utf-8,true,Niagara Falls City SD Special Education Hub | newyorkspecialed.net,66,"Complete guide to Special Education in Niagara Falls City SD. Contacts, CSE meetings, evaluation timelines, and parent rights.",126,Niagara Falls City SD Special Ed Hub,36,,,https://www.newyorkspecialed.net/districts/niagara-falls-city-sd/,200,7915,2050,0,1,1,41,0,87,,,,,0,0,0,0,0,0
20,https://www.newyorkspecialed.net/districts/newburgh-enlarged-city-sd/leadership-directory.html,200,text/html; charset=utf-8,true,Special Education Contacts: Newburgh Enlarged City SD,53,"Direct phone numbers and emails for Newburgh Enlarged City SD Committee on Special Education (CSE), CPSE, and leadership offices.",129,,,,,https://www.newyorkspecialed.net/districts/newburgh-enlarged-city-sd/leadership-directory.html,200,6585,1620,0,8,8,39,0,50,,,,,0,0,0,0,0,0
20,https://www.newyorkspecialed.net/districts/nyc-district-30-astoria/,200,text/html; charset=utf-8,true,District 30 Special Education Hub | newyorkspecialed.net,56,"Complete guide to Special Education in District 30. Contacts, CSE meetings, evaluation timelines, and parent rights.",116,District 30 Special Ed Hub,26,,,https://www.newyorkspecialed.net/districts/nyc-district-30-astoria/,200,8317,2155,0,1,1,41,0,14,,,,,0,0,0,0,0,0
20,https://www.newyorkspecialed.net/districts/nyc-district-32-bushwick/parent-advocacy-guide.html,200,text/html; charset=utf-8,true,CSE Advocacy Guide for NYC District 32 Bushwick Parents | NY Special Ed,71,"A parent's guide to special education in NYC District 32 Bushwick. Learn about CSE meetings, IEPs, parent rights, and advocacy for your child.",142,Parent Advocacy Guide for NYC District 32 Bushwick,50,,,https://www.newyorkspecialed.net/districts/nyc-district-32-bushwick/parent-advocacy-guide.html,200,5306,1217,1,3,3,40,0,42,,,,,0,0,0,0,0,0
20,https://www.newyorkspecialed.net/districts/yonkers-city-sd/discipline-rights.html,200,text/html; charset=utf-8,true,Student Discipline Rights in Yonkers City SD,44,"Suspension, MDR, and discipline rights for students with disabilities in Yonkers City SD.",89,Discipline Rights & the Manifestation Determination Review,58,,,https://www.newyorkspecialed.net/districts/yonkers-city-sd/discipline-rights.html,200,8398,2158,0,9,9,39,0,82,,,,,0,0,0,0,0,0
20,https://www.newyorkspecialed.net/districts/nyc-district-10-riverdale/special-ed-updates.html,200,text/html; charset=utf-8,true,District 10 Special Education: Essential Parent Intel & Updates,63,"Stay ahead of District 10 special education changes. Get critical news, trends, and advocacy strategies before your child's next CSE meeting.",141,District 10 Special Education: Parent Intel,43,,,https://www.newyorkspecialed.net/districts/nyc-district-10-riverdale/special-ed-updates.html,200,6702,1324,1,8,8,40,0,92,,,,,0,0,0,0,0,0
20,https://www.newyorkspecialed.net/districts/niagara-falls-city-sd/evaluation-process.html,200,text/html; charset=utf-8,true,Requesting an Evaluation in Niagara Falls City SD,49,Step-by-step guide to the 60-day special education evaluation timeline in Niagara Falls City SD.,96,Requesting a Special Education Evaluation,41,,,https://www.newyorkspecialed.net/districts/niagara-falls-city-sd/evaluation-process.html,200,9915,2685,0,8,8,39,0,60,,,,,0,0,0,0,0,0
20,https://www.newyorkspecialed.net/districts/nyc-district-20-bay-ridge/cse-meeting-guide.html,200,text/html; charset=utf-8,true,CSE Meeting Guide for District 20,33,"Prepare for your Committee on Special Education meeting in District 20. Tips for Bilingual (Chinese/Arabic/Russian), Orthodox community CPSE, large ASD population.",163,Who Must Be in the Room,23,,,https://www.newyorkspecialed.net/districts/nyc-district-20-bay-ridge/cse-meeting-guide.html,200,10091,2822,0,9,9,39,0,64,,,,,0,0,0,0,0,0
20,https://www.newyorkspecialed.net/guides/dispute-resolution-ny/,200,text/html; charset=utf-8,true,NY Dispute Resolution & Impartial Hearings | newyorkspecialed.net,65,,,"NY Dispute Resolution & Impartial Hearings
Special Education Dispute Resolution in New York: A Comprehensive Guide","42
71",,,https://www.newyorkspecialed.net/guides/dispute-resolution-ny/,200,6996,1438,0,1,1,35,0,55,,,,,0,0,0,0,0,0
20,https://www.newyorkspecialed.net/districts/east-ramapo-csd/evaluation-process.html,200,text/html; charset=utf-8,true,Evaluation Rights — East Ramapo CSD | NY Special Ed — East Ramapo CSD | NY Special Ed,85,Understand your special education evaluation rights in East Ramapo CSD. Learn how to request evaluations and IEEs. Navigate the process effectively.,148,Requesting an Evaluation in East Ramapo CSD,43,,,https://www.newyorkspecialed.net/districts/east-ramapo-csd/evaluation-process.html,200,3104,855,2,8,8,6,0,89,,,,,0,0,0,0,0,0
20,https://www.newyorkspecialed.net/districts/nyc-district-02-upper-east-side/cse-meeting-guide.html,200,text/html; charset=utf-8,true,CSE Meeting Guide for District 2,32,"Prepare for your Committee on Special Education meeting in District 2. Tips for Carter Cases / private placement, gifted+IEP dual advocacy.",139,Who Must Be in the Room,23,,,https://www.newyorkspecialed.net/districts/nyc-district-02-upper-east-side/cse-meeting-guide.html,200,9402,2649,0,9,9,39,0,45,,,,,0,0,0,0,0,0
20,https://www.newyorkspecialed.net/districts/freeport-ufsd/parent-advocacy-guide.html,200,text/html; charset=utf-8,true,CSE Advocacy Guide for Freeport UFSD Parents | NY Special Ed,60,A parent's guide to CSE meetings and IEP advocacy in Freeport UFSD. Understand your rights and navigate special education effectively. Get the support your child deserves.,171,Parent Advocacy Guide for Freeport UFSD,39,,,https://www.newyorkspecialed.net/districts/freeport-ufsd/parent-advocacy-guide.html,200,4950,1104,1,3,3,40,0,45,,,,,0,0,0,0,0,0
20,https://www.newyorkspecialed.net/districts/nyc-district-05-central-harlem/cse-meeting-guide.html,200,text/html; charset=utf-8,true,CSE Meeting Guide for District 5,32,"Prepare for your Committee on Special Education meeting in District 5. Tips for Behavioral supports, related services access, CPSE transition.",142,Who Must Be in the Room,23,,,https://www.newyorkspecialed.net/districts/nyc-district-05-central-harlem/cse-meeting-guide.html,200,9607,2677,0,9,9,39,0,40,,,,,0,0,0,0,0,0
20,https://www.newyorkspecialed.net/districts/nyc-district-11-pelham-parkway/cse-meeting-guide.html,200,text/html; charset=utf-8,true,CSE Meeting Guide for District 11,33,"Prepare for your Committee on Special Education meeting in District 11. Tips for ASD evaluations, Italian/Albanian bilingual families, NEST/Horizon.",148,Who Must Be in the Room,23,,,https://www.newyorkspecialed.net/districts/nyc-district-11-pelham-parkway/cse-meeting-guide.html,200,10396,3008,0,8,8,39,0,46,,,,,0,0,0,0,0,0
20,https://www.newyorkspecialed.net/districts/nyc-district-23-brownsville/cse-meeting-guide.html,200,text/html; charset=utf-8,true,CSE Meeting Guide for District 23,33,"Prepare for your Committee on Special Education meeting in District 23. Tips for Evaluation delays, related service access, D75 referrals.",138,Who Must Be in the Room,23,,,https://www.newyorkspecialed.net/districts/nyc-district-23-brownsville/cse-meeting-guide.html,200,10030,2674,0,8,8,39,0,52,,,,,0,0,0,0,0,0
20,https://www.newyorkspecialed.net/districts/nyc-district-79/cse-meeting-guide.html,200,text/html; charset=utf-8,true,CSE Meeting Guide for District 79,33,"Prepare for your Committee on Special Education meeting in District 79. Tips for IEP in alternative settings, GED+IEP, transfer schools+disability.",147,Who Must Be in the Room,23,,,https://www.newyorkspecialed.net/districts/nyc-district-79/cse-meeting-guide.html,200,9549,2593,0,8,8,39,0,59,,,,,0,0,0,0,0,0
20,https://www.newyorkspecialed.net/districts/newburgh-enlarged-city-sd/cse-meeting-guide.html,200,text/html; charset=utf-8,true,CSE Meeting Guide for Newburgh Enlarged City SD,47,"Prepare for your Committee on Special Education meeting in Newburgh Enlarged City SD. Tips for High needs, bilingual (Spanish), rural-urban mix, evaluation advocacy.",165,Who Must Be in the Room,23,,,https://www.newyorkspecialed.net/districts/newburgh-enlarged-city-sd/cse-meeting-guide.html,200,9556,2699,0,8,8,39,0,57,,,,,0,0,0,0,0,0
20,https://www.newyorkspecialed.net/districts/nyc-district-06-washington-heights/leadership-directory.html,200,text/html; charset=utf-8,true,Special Education Contacts: District 6,38,"Direct phone numbers and emails for District 6 Committee on Special Education (CSE), CPSE, and leadership offices.",114,,,,,https://www.newyorkspecialed.net/districts/nyc-district-06-washington-heights/leadership-directory.html,200,6685,1810,0,9,9,39,0,46,,,,,0,0,0,0,0,0
20,https://www.newyorkspecialed.net/districts/nyc-district-05-central-harlem/leadership-directory.html,200,text/html; charset=utf-8,true,Special Education Contacts: District 5,38,"Direct phone numbers and emails for District 5 Committee on Special Education (CSE), CPSE, and leadership offices.",114,,,,,https://www.newyorkspecialed.net/districts/nyc-district-05-central-harlem/leadership-directory.html,200,6484,1652,0,9,9,39,0,41,,,,,0,0,0,0,0,0
20,https://www.newyorkspecialed.net/districts/nyc-district-17-crown-heights/cse-meeting-guide.html,200,text/html; charset=utf-8,true,CSE Meeting Guide for District 17,33,"Prepare for your Committee on Special Education meeting in District 17. Tips for Caribbean bilingual evaluations, autism services, CPSE delays.",143,Who Must Be in the Room,23,,,https://www.newyorkspecialed.net/districts/nyc-district-17-crown-heights/cse-meeting-guide.html,200,10102,2773,0,8,8,39,0,98,,,,,0,0,0,0,0,0
20,https://www.newyorkspecialed.net/districts/nyc-district-09-grand-concourse/leadership-directory.html,200,text/html; charset=utf-8,true,Special Education Contacts: District 9,38,"Direct phone numbers and emails for District 9 Committee on Special Education (CSE), CPSE, and leadership offices.",114,,,,,https://www.newyorkspecialed.net/districts/nyc-district-09-grand-concourse/leadership-directory.html,200,6817,1844,0,8,8,39,0,55,,,,,0,0,0,0,0,0
20,https://www.newyorkspecialed.net/districts/nyc-district-10-riverdale/,200,text/html; charset=utf-8,true,District 10 Special Education Hub | newyorkspecialed.net,56,"Complete guide to Special Education in District 10. Contacts, CSE meetings, evaluation timelines, and parent rights.",116,District 10 Special Ed Hub,26,,,https://www.newyorkspecialed.net/districts/nyc-district-10-riverdale/,200,7135,1603,0,1,1,41,0,100,,,,,0,0,0,0,0,0
20,https://www.newyorkspecialed.net/districts/white-plains-city-sd/evaluation-process.html,200,text/html; charset=utf-8,true,Requesting an Evaluation in White Plains City SD,48,Step-by-step guide to the 60-day special education evaluation timeline in White Plains City SD.,95,Requesting a Special Education Evaluation,41,,,https://www.newyorkspecialed.net/districts/white-plains-city-sd/evaluation-process.html,200,11401,3543,0,8,8,39,0,84,,,,,0,0,0,0,0,0
20,https://www.newyorkspecialed.net/districts/newburgh-enlarged-city-sd/parent-advocacy-guide.html,200,text/html; charset=utf-8,true,CSE Advocacy Guide for Newburgh Enlarged City SD Parents | NY Special Ed,72,"A parent's guide to special education in Newburgh Enlarged City SD. Learn about CSE meetings, IEPs, parent rights, and how to advocate for your child's needs.",158,Parent Advocacy Guide for Newburgh Enlarged City SD,51,,,https://www.newyorkspecialed.net/districts/newburgh-enlarged-city-sd/parent-advocacy-guide.html,200,4698,1040,1,3,3,40,0,40,,,,,0,0,0,0,0,0
20,https://www.newyorkspecialed.net/districts/nyc-district-07-south-bronx/parent-advocacy-guide.html,200,text/html; charset=utf-8,true,CSE Advocacy Guide for NYC District 07 South Bronx Parents | NY Special Ed,74,"A parent's guide to special education in NYC District 07 South Bronx. Learn about CSE meetings, IEP development, parent rights, and effective advocacy strategies.",162,Parent Advocacy Guide for NYC District 07 South Bronx,53,,,https://www.newyorkspecialed.net/districts/nyc-district-07-south-bronx/parent-advocacy-guide.html,200,4927,1119,1,3,3,40,0,50,,,,,0,0,0,0,0,0
20,https://www.newyorkspecialed.net/districts/syracuse-city-sd/special-ed-updates.html,200,text/html; charset=utf-8,true,Syracuse City SD Special Education: Essential Parent Intel & Updates,68,"Stay ahead of Syracuse City SD special education changes. Get critical news, trends, and advocacy strategies before your child's next CSE meeting.",146,Syracuse City SD Special Education: Parent Intel,48,,,https://www.newyorkspecialed.net/districts/syracuse-city-sd/special-ed-updates.html,200,7015,1449,1,9,9,40,0,47,,,,,0,0,0,0,0,0
20,https://www.newyorkspecialed.net/districts/white-plains-city-sd/partners.html,200,text/html; charset=utf-8,true,Special Education Providers & Support in White Plains City SD | NY Special Ed,77,"Navigating special education in White Plains City SD? Learn about CSE meetings, IEPs, and your rights. Find resources and local advocates in Westchester County.",160,Special Education Providers in White Plains City SD,51,,,https://www.newyorkspecialed.net/districts/white-plains-city-sd/partners.html,200,5330,851,1,8,8,40,9,44,,,,,0,0,0,0,0,0
20,https://www.newyorkspecialed.net/districts/nyc-district-15-park-slope/,200,text/html; charset=utf-8,true,District 15 Special Education Hub | newyorkspecialed.net,56,"Complete guide to Special Education in District 15. Contacts, CSE meetings, evaluation timelines, and parent rights.",116,District 15 Special Ed Hub,26,,,https://www.newyorkspecialed.net/districts/nyc-district-15-park-slope/,200,7777,1786,0,1,1,41,0,13,,,,,0,0,0,0,0,0
20,https://www.newyorkspecialed.net/districts/nyc-district-03-upper-west-side/discipline-rights.html,200,text/html; charset=utf-8,true,Student Discipline Rights in District 3,39,"Suspension, MDR, and discipline rights for students with disabilities in District 3.",84,Discipline Rights & the Manifestation Determination Review,58,,,https://www.newyorkspecialed.net/districts/nyc-district-03-upper-west-side/discipline-rights.html,200,9845,2850,0,9,9,39,0,234,,,,,0,0,0,0,0,0
20,https://www.newyorkspecialed.net/districts/nyc-district-03-upper-west-side/parent-advocacy-guide.html,200,text/html; charset=utf-8,true,CSE Advocacy Guide for NYC District 03 Upper West Side | NY Special Ed,70,A parent's guide to CSE meetings & IEP advocacy in NYC District 03 Upper West Side. Learn about your rights and how to navigate the special education system.,157,Parent Advocacy Guide for NYC District 03 Upper West Side,57,,,https://www.newyorkspecialed.net/districts/nyc-district-03-upper-west-side/parent-advocacy-guide.html,200,4929,1080,2,1,1,40,0,63,,,,,0,0,0,0,0,0
20,https://www.newyorkspecialed.net/districts/freeport-ufsd/,200,text/html; charset=utf-8,true,Freeport UFSD Special Education Hub | newyorkspecialed.net,58,"Complete guide to Special Education in Freeport UFSD. Contacts, CSE meetings, evaluation timelines, and parent rights.",118,Freeport UFSD Special Ed Hub,28,,,https://www.newyorkspecialed.net/districts/freeport-ufsd/,200,7286,1726,0,1,1,41,0,54,,,,,0,0,0,0,0,0
20,https://www.newyorkspecialed.net/districts/nyc-district-75/parent-advocacy-guide.html,200,text/html; charset=utf-8,true,CSE Advocacy Guide for NYC District 75 Parents | NY Special Ed,62,A guide for NYC District 75 parents navigating CSE meetings and advocating for IEP services. Understand your rights and secure the best education for your child.,161,Parent Advocacy Guide for NYC District 75,41,,,https://www.newyorkspecialed.net/districts/nyc-district-75/parent-advocacy-guide.html,200,4976,1057,2,1,1,40,0,38,,,,,0,0,0,0,0,0
20,https://www.newyorkspecialed.net/districts/nyc-district-12-soundview/partners.html,200,text/html; charset=utf-8,true,Special Education Providers & Support in NYC District 12 Soundview | NY Special Ed,82,"Navigating special education in NYC District 12 Soundview? Understand CSE meetings, IEPs, and your rights. Find local parent advocates and essential resources here.",164,Special Education Providers in NYC District 12 Soundview,56,,,https://www.newyorkspecialed.net/districts/nyc-district-12-soundview/partners.html,200,5315,836,1,8,8,40,9,83,,,,,0,0,0,0,0,0
20,https://www.newyorkspecialed.net/districts/nyc-district-32-bushwick/discipline-rights.html,200,text/html; charset=utf-8,true,Student Discipline Rights in District 32,40,"Suspension, MDR, and discipline rights for students with disabilities in District 32.",85,Discipline Rights & the Manifestation Determination Review,58,,,https://www.newyorkspecialed.net/districts/nyc-district-32-bushwick/discipline-rights.html,200,8941,2413,0,8,8,39,0,61,,,,,0,0,0,0,0,0
20,https://www.newyorkspecialed.net/districts/nyc-district-11-pelham-parkway/special-ed-updates.html,200,text/html; charset=utf-8,true,District 11 Special Education: Essential Parent Intel & Updates,63,"Stay ahead of District 11 special education changes. Get critical news, trends, and advocacy strategies before your child's next CSE meeting.",141,District 11 Special Education: Parent Intel,43,,,https://www.newyorkspecialed.net/districts/nyc-district-11-pelham-parkway/special-ed-updates.html,200,6588,1229,1,8,8,40,0,44,,,,,0,0,0,0,0,0
20,https://www.newyorkspecialed.net/about/,200,text/html; charset=utf-8,true,About Rachel Whitcomb | New York Special Ed,43,Rachel Whitcomb is the founder of New York Special Ed and the parent of a twice-exceptional daughter whose story — and a single phrase from a teacher — changed the course of her life.,183,Rachel Whitcomb,15,,,https://www.newyorkspecialed.net/about/,200,11323,2028,1,1,1,15,0,13,,,,,0,0,0,0,0,0
20,https://www.newyorkspecialed.net/districts/nyc-district-17-crown-heights/discipline-rights.html,200,text/html; charset=utf-8,true,Student Discipline Rights in District 17,40,"Suspension, MDR, and discipline rights for students with disabilities in District 17.",85,Discipline Rights & the Manifestation Determination Review,58,,,https://www.newyorkspecialed.net/districts/nyc-district-17-crown-heights/discipline-rights.html,200,9348,2562,0,8,8,39,0,67,,,,,0,0,0,0,0,0
20,https://www.newyorkspecialed.net/districts/nyc-district-31-staten-island/discipline-rights.html,200,text/html; charset=utf-8,true,Student Discipline Rights in District 31,40,"Suspension, MDR, and discipline rights for students with disabilities in District 31.",85,Discipline Rights & the Manifestation Determination Review,58,,,https://www.newyorkspecialed.net/districts/nyc-district-31-staten-island/discipline-rights.html,200,9227,2635,0,9,9,39,0,44,,,,,0,0,0,0,0,0
20,https://www.newyorkspecialed.net/districts/nyc-district-01-lower-east-side/cse-meeting-guide.html,200,text/html; charset=utf-8,true,CSE Meeting Guide for District 1,32,"Prepare for your Committee on Special Education meeting in District 1. Tips for Bilingual IEP (Mandarin/Spanish), NEST autism programs.",135,Who Must Be in the Room,23,,,https://www.newyorkspecialed.net/districts/nyc-district-01-lower-east-side/cse-meeting-guide.html,200,9783,2683,0,9,9,39,0,46,,,,,0,0,0,0,0,0
20,https://www.newyorkspecialed.net/districts/new-rochelle-city-sd/leadership-directory.html,200,text/html; charset=utf-8,true,Special Education Contacts: New Rochelle City SD,48,"Direct phone numbers and emails for New Rochelle City SD Committee on Special Education (CSE), CPSE, and leadership offices.",124,,,,,https://www.newyorkspecialed.net/districts/new-rochelle-city-sd/leadership-directory.html,200,6392,1568,0,8,8,39,0,52,,,,,0,0,0,0,0,0
20,https://www.newyorkspecialed.net/districts/nyc-district-26-bayside/parent-advocacy-guide.html,200,text/html; charset=utf-8,true,CSE Advocacy Guide for NYC District 26 Bayside Parents | NY Special Ed,70,"A parent advocacy guide for special education in NYC District 26 Bayside. Learn about CSE meetings, IEPs, parent rights, and how to advocate for your child.",156,Parent Advocacy Guide for NYC District 26 Bayside,49,,,https://www.newyorkspecialed.net/districts/nyc-district-26-bayside/parent-advocacy-guide.html,200,4453,962,2,1,1,40,0,38,,,,,0,0,0,0,0,0
20,https://www.newyorkspecialed.net/districts/nyc-district-27-rockaway/discipline-rights.html,200,text/html; charset=utf-8,true,Student Discipline Rights in District 27,40,"Suspension, MDR, and discipline rights for students with disabilities in District 27.",85,Discipline Rights & the Manifestation Determination Review,58,,,https://www.newyorkspecialed.net/districts/nyc-district-27-rockaway/discipline-rights.html,200,8907,2461,0,8,8,39,0,74,,,,,0,0,0,0,0,0
20,https://www.newyorkspecialed.net/districts/nyc-district-75/leadership-directory.html,200,text/html; charset=utf-8,true,Special Education Contacts: District 75,39,"Direct phone numbers and emails for District 75 Committee on Special Education (CSE), CPSE, and leadership offices.",115,,,,,https://www.newyorkspecialed.net/districts/nyc-district-75/leadership-directory.html,200,6784,1791,0,9,9,39,0,47,,,,,0,0,0,0,0,0
20,https://www.newyorkspecialed.net/districts/rochester-city-sd/leadership-directory.html,200,text/html; charset=utf-8,true,Special Education Contacts: Rochester City SD,45,"Direct phone numbers and emails for Rochester City SD Committee on Special Education (CSE), CPSE, and leadership offices.",121,,,,,https://www.newyorkspecialed.net/districts/rochester-city-sd/leadership-directory.html,200,6413,1634,0,9,9,39,0,68,,,,,0,0,0,0,0,0
20,https://www.newyorkspecialed.net/districts/brentwood-ufsd/leadership-directory.html,200,text/html; charset=utf-8,true,Special Education Contacts: Brentwood UFSD,42,"Direct phone numbers and emails for Brentwood UFSD Committee on Special Education (CSE), CPSE, and leadership offices.",118,,,,,https://www.newyorkspecialed.net/districts/brentwood-ufsd/leadership-directory.html,200,6281,1564,0,8,8,39,0,49,,,,,0,0,0,0,0,0
20,https://www.newyorkspecialed.net/districts/nyc-district-16-bed-stuy/discipline-rights.html,200,text/html; charset=utf-8,true,Student Discipline Rights in District 16,40,"Suspension, MDR, and discipline rights for students with disabilities in District 16.",85,Discipline Rights & the Manifestation Determination Review,58,,,https://www.newyorkspecialed.net/districts/nyc-district-16-bed-stuy/discipline-rights.html,200,8414,2140,0,8,8,39,0,69,,,,,0,0,0,0,0,0
20,https://www.newyorkspecialed.net/districts/nyc-district-13-brooklyn-heights/evaluation-process.html,200,text/html; charset=utf-8,true,Requesting an Evaluation in District 13,39,Step-by-step guide to the 60-day special education evaluation timeline in District 13.,86,Requesting a Special Education Evaluation,41,,,https://www.newyorkspecialed.net/districts/nyc-district-13-brooklyn-heights/evaluation-process.html,200,10195,2931,0,9,9,39,0,65,,,,,0,0,0,0,0,0
20,https://www.newyorkspecialed.net/districts/newburgh-enlarged-city-sd/evaluation-process.html,200,text/html; charset=utf-8,true,Requesting an Evaluation in Newburgh Enlarged City SD,53,Step-by-step guide to the 60-day special education evaluation timeline in Newburgh Enlarged City SD.,100,Requesting a Special Education Evaluation,41,,,https://www.newyorkspecialed.net/districts/newburgh-enlarged-city-sd/evaluation-process.html,200,10122,2976,0,8,8,39,0,85,,,,,0,0,0,0,0,0
20,https://www.newyorkspecialed.net/districts/nyc-district-23-brownsville/partners.html,200,text/html; charset=utf-8,true,Special Education Providers & Support in NYC District 23 Brownsville | NY Special Ed,84,"Navigating special education in NYC District 23 Brownsville? Understand your rights, CSE meetings, and find local advocates to support your child's needs.",154,Special Education Providers in NYC District 23 Brownsville,58,,,https://www.newyorkspecialed.net/districts/nyc-district-23-brownsville/partners.html,200,5278,835,1,8,8,40,9,44,,,,,0,0,0,0,0,0
20,https://www.newyorkspecialed.net/districts/poughkeepsie-city-sd/partners.html,200,text/html; charset=utf-8,true,Special Education Providers & Support in Poughkeepsie City SD | NY Special Ed,77,"Navigate special education in Poughkeepsie City SD. Understand CSE meetings, IEPs, and your rights. Find local advocates and resources for your child's needs.",158,Special Education Providers in Poughkeepsie City SD,51,,,https://www.newyorkspecialed.net/districts/poughkeepsie-city-sd/partners.html,200,5336,836,1,8,8,40,9,67,,,,,0,0,0,0,0,0
20,https://www.newyorkspecialed.net/districts/albany-city-sd/discipline-rights.html,200,text/html; charset=utf-8,true,Student Discipline Rights in Albany City SD,43,"Suspension, MDR, and discipline rights for students with disabilities in Albany City SD.",88,Discipline Rights & the Manifestation Determination Review,58,,,https://www.newyorkspecialed.net/districts/albany-city-sd/discipline-rights.html,200,8750,2345,0,9,9,39,0,67,,,,,0,0,0,0,0,0
20,https://www.newyorkspecialed.net/districts/nyc-district-18-east-flatbush/,200,text/html; charset=utf-8,true,District 18 Special Education Hub | newyorkspecialed.net,56,"Complete guide to Special Education in District 18. Contacts, CSE meetings, evaluation timelines, and parent rights.",116,District 18 Special Ed Hub,26,,,https://www.newyorkspecialed.net/districts/nyc-district-18-east-flatbush/,200,7700,1906,0,1,1,41,0,94,,,,,0,0,0,0,0,0
20,https://www.newyorkspecialed.net/districts/nyc-district-79/leadership-directory.html,200,text/html; charset=utf-8,true,Special Education Contacts: District 79,39,"Direct phone numbers and emails for District 79 Committee on Special Education (CSE), CPSE, and leadership offices.",115,,,,,https://www.newyorkspecialed.net/districts/nyc-district-79/leadership-directory.html,200,6427,1565,0,8,8,39,0,61,,,,,0,0,0,0,0,0
20,https://www.newyorkspecialed.net/districts/mount-vernon-city-sd/parent-advocacy-guide.html,200,text/html; charset=utf-8,true,CSE Advocacy Guide for Mount Vernon City SD Parents | NY Special Ed,67,A parent's guide to navigating CSE meetings and special education in Mount Vernon City SD. Understand your rights and advocate for your child's IEP.,148,Parent Advocacy Guide for Mount Vernon City SD,46,,,https://www.newyorkspecialed.net/districts/mount-vernon-city-sd/parent-advocacy-guide.html,200,4946,1087,1,3,3,40,0,65,,,,,0,0,0,0,0,0
20,https://www.newyorkspecialed.net/districts/utica-city-sd/cse-meeting-guide.html,200,text/html; charset=utf-8,true,CSE Meeting Guide for Utica City SD,35,"Prepare for your Committee on Special Education meeting in Utica City SD. Tips for 85% high needs, large refugee population, bilingual evaluations critical.",156,Navigating the CSE Meeting,26,,,https://www.newyorkspecialed.net/districts/utica-city-sd/cse-meeting-guide.html,200,9463,2581,0,8,8,39,0,86,,,,,0,0,0,0,0,0
20,https://www.newyorkspecialed.net/districts/nyc-district-13-brooklyn-heights/special-ed-updates.html,200,text/html; charset=utf-8,true,District 13 Special Education: Essential Parent Intel & Updates,63,"Stay ahead of District 13 special education changes. Get critical news, trends, and advocacy strategies before your child's next CSE meeting.",141,District 13 Special Education: Parent Intel,43,,,https://www.newyorkspecialed.net/districts/nyc-district-13-brooklyn-heights/special-ed-updates.html,200,6382,1183,1,9,9,40,0,50,,,,,0,0,0,0,0,0
20,https://www.newyorkspecialed.net/districts/nyc-district-30-astoria/partners.html,200,text/html; charset=utf-8,true,Special Education Providers & Support in NYC District 30 Astoria | NY Special Ed,80,"Navigating special education in NYC District 30 Astoria? Learn about CSE meetings, IEPs, and your rights. Find local parent advocates and resources in Queens.",158,Special Education Providers in NYC District 30 Astoria,54,,,https://www.newyorkspecialed.net/districts/nyc-district-30-astoria/partners.html,200,5299,826,1,9,9,40,9,54,,,,,0,0,0,0,0,0
20,https://www.newyorkspecialed.net/districts/nyc-district-30-astoria/cse-meeting-guide.html,200,text/html; charset=utf-8,true,CSE Meeting Guide for District 30,33,"Prepare for your Committee on Special Education meeting in District 30. Tips for Most linguistically diverse district in US, bilingual evals 100+ languages, CPSE backlogs.",171,Who Must Be in the Room,23,,,https://www.newyorkspecialed.net/districts/nyc-district-30-astoria/cse-meeting-guide.html,200,10124,2823,0,9,9,39,0,74,,,,,0,0,0,0,0,0
20,https://www.newyorkspecialed.net/districts/buffalo-city-sd/evaluation-process.html,200,text/html; charset=utf-8,true,Requesting an Evaluation in Buffalo City SD,43,Step-by-step guide to the 60-day special education evaluation timeline in Buffalo City SD.,90,Requesting a Special Education Evaluation,41,,,https://www.newyorkspecialed.net/districts/buffalo-city-sd/evaluation-process.html,200,10196,3018,0,9,9,39,0,43,,,,,0,0,0,0,0,0
20,https://www.newyorkspecialed.net/districts/nyc-district-10-riverdale/leadership-directory.html,200,text/html; charset=utf-8,true,Special Education Contacts: District 10,39,"Direct phone numbers and emails for District 10 Committee on Special Education (CSE), CPSE, and leadership offices.",115,,,,,https://www.newyorkspecialed.net/districts/nyc-district-10-riverdale/leadership-directory.html,200,6565,1744,0,8,8,39,0,56,,,,,0,0,0,0,0,0
20,https://www.newyorkspecialed.net/guides/carter-cases-private-placement/,200,text/html; charset=utf-8,true,Carter Cases & Private Placements | newyorkspecialed.net,56,,,Carter Cases & Private Placements,33,,,https://www.newyorkspecialed.net/guides/carter-cases-private-placement/,200,7794,1911,1,0,0,35,0,22,,,,,0,0,0,0,0,0
20,https://www.newyorkspecialed.net/districts/white-plains-city-sd/cse-meeting-guide.html,200,text/html; charset=utf-8,true,CSE Meeting Guide for White Plains City SD,42,"Prepare for your Committee on Special Education meeting in White Plains City SD. Tips for Suburban advocacy, bilingual services, inclusion models.",146,Who Must Be in the Room,23,,,https://www.newyorkspecialed.net/districts/white-plains-city-sd/cse-meeting-guide.html,200,11432,3459,0,8,8,39,0,54,,,,,0,0,0,0,0,0
20,https://www.newyorkspecialed.net/districts/nyc-district-79/partners.html,200,text/html; charset=utf-8,true,Special Education Providers & Support in NYC District 79 | NY Special Ed,72,"Navigating special education in NYC District 79? Learn about CSE meetings, IEPs, and your rights. Find local parent advocates and resources here to support your child.",167,Special Education Providers in NYC District 79,46,,,https://www.newyorkspecialed.net/districts/nyc-district-79/partners.html,200,5323,821,1,8,8,40,9,72,,,,,0,0,0,0,0,0
20,https://www.newyorkspecialed.net/districts/utica-city-sd/parent-advocacy-guide.html,200,text/html; charset=utf-8,true,CSE Advocacy Guide for Utica City SD Parents | NY Special Ed,60,"A parent's guide to special education in Utica City SD. Learn about CSE meetings, IEPs, evaluations, and your rights as a parent advocate in New York.",150,Parent Advocacy Guide for Utica City SD,39,,,https://www.newyorkspecialed.net/districts/utica-city-sd/parent-advocacy-guide.html,200,4839,1018,1,3,3,40,0,59,,,,,0,0,0,0,0,0
20,https://www.newyorkspecialed.net/districts/nyc-district-14-williamsburg/cse-meeting-guide.html,200,text/html; charset=utf-8,true,CSE Meeting Guide for District 14,33,"Prepare for your Committee on Special Education meeting in District 14. Tips for Bilingual IEP (Spanish/Polish/Yiddish), Hasidic community CPSE.",144,Who Must Be in the Room,23,,,https://www.newyorkspecialed.net/districts/nyc-district-14-williamsburg/cse-meeting-guide.html,200,9770,2515,0,8,8,39,0,43,,,,,0,0,0,0,0,0
20,https://www.newyorkspecialed.net/districts/nyc-district-16-bed-stuy/partners.html,200,text/html; charset=utf-8,true,Special Education Providers & Support in NYC District 16 Bed Stuy | NY Special Ed,81,"Navigate special education in NYC District 16, Bed Stuy. Understand CSE meetings, access advocates, and get support for your child's unique needs in Brooklyn.",158,Special Education Providers in NYC District 16 Bed Stuy,55,,,https://www.newyorkspecialed.net/districts/nyc-district-16-bed-stuy/partners.html,200,5305,851,1,8,8,40,9,41,,,,,0,0,0,0,0,0
20,https://www.newyorkspecialed.net/districts/nyc-district-13-brooklyn-heights/,200,text/html; charset=utf-8,true,District 13 Special Education Hub | newyorkspecialed.net,56,"Complete guide to Special Education in District 13. Contacts, CSE meetings, evaluation timelines, and parent rights.",116,District 13 Special Ed Hub,26,,,https://www.newyorkspecialed.net/districts/nyc-district-13-brooklyn-heights/,200,8572,2161,0,1,1,41,0,23,,,,,0,0,0,0,0,0
20,https://www.newyorkspecialed.net/districts/nyc-district-25-flushing/parent-advocacy-guide.html,200,text/html; charset=utf-8,true,CSE Advocacy Guide for NYC District 25 Flushing Parents | NY Special Ed,71,"Advocacy guide for NYC District 25 Flushing parents. Learn about CSE meetings, IEPs, parent rights, and how to advocate for your child's special education needs.",161,Parent Advocacy Guide for NYC District 25 Flushing,50,,,https://www.newyorkspecialed.net/districts/nyc-district-25-flushing/parent-advocacy-guide.html,200,4872,1079,1,3,3,40,0,62,,,,,0,0,0,0,0,0
20,https://www.newyorkspecialed.net/districts/nyc-district-29-queens-village/,200,text/html; charset=utf-8,true,District 29 Special Education Hub | newyorkspecialed.net,56,"Complete guide to Special Education in District 29. Contacts, CSE meetings, evaluation timelines, and parent rights.",116,District 29 Special Ed Hub,26,,,https://www.newyorkspecialed.net/districts/nyc-district-29-queens-village/,200,7845,1971,0,1,1,41,0,61,,,,,0,0,0,0,0,0
20,https://www.newyorkspecialed.net/districts/nyc-district-18-east-flatbush/cse-meeting-guide.html,200,text/html; charset=utf-8,true,CSE Meeting Guide for District 18,33,"Prepare for your Committee on Special Education meeting in District 18. Tips for Haitian Creole bilingual IEPs, evaluation advocacy, SETSS services.",148,Who Must Be in the Room,23,,,https://www.newyorkspecialed.net/districts/nyc-district-18-east-flatbush/cse-meeting-guide.html,200,9546,2536,0,8,8,39,0,63,,,,,0,0,0,0,0,0
20,https://www.newyorkspecialed.net/districts/syracuse-city-sd/cse-meeting-guide.html,200,text/html; charset=utf-8,true,CSE Meeting Guide for Syracuse City SD,38,"Prepare for your Committee on Special Education meeting in Syracuse City SD. Tips for Refugee/immigrant bilingual evals (89% high needs), CPSE, behavior supports.",162,Navigating the CSE Meeting,26,,,https://www.newyorkspecialed.net/districts/syracuse-city-sd/cse-meeting-guide.html,200,10483,3017,0,9,9,39,0,108,,,,,0,0,0,0,0,0
20,https://www.newyorkspecialed.net/districts/nyc-district-20-bay-ridge/,200,text/html; charset=utf-8,true,District 20 Special Education Hub | newyorkspecialed.net,56,"Complete guide to Special Education in District 20. Contacts, CSE meetings, evaluation timelines, and parent rights.",116,District 20 Special Ed Hub,26,,,https://www.newyorkspecialed.net/districts/nyc-district-20-bay-ridge/,200,7861,1919,0,1,1,41,0,13,,,,,0,0,0,0,0,0
20,https://www.newyorkspecialed.net/districts/nyc-district-26-bayside/cse-meeting-guide.html,200,text/html; charset=utf-8,true,CSE Meeting Guide for District 26,33,"Prepare for your Committee on Special Education meeting in District 26. Tips for High-performing district+IEP advocacy, gifted+disability, ASD services.",152,Who Must Be in the Room,23,,,https://www.newyorkspecialed.net/districts/nyc-district-26-bayside/cse-meeting-guide.html,200,10248,2937,0,9,9,39,0,61,,,,,0,0,0,0,0,0
20,https://www.newyorkspecialed.net/districts/newburgh-enlarged-city-sd/,200,text/html; charset=utf-8,true,Newburgh Enlarged City SD Special Education Hub | newyorkspecialed.net,70,"Complete guide to Special Education in Newburgh Enlarged City SD. Contacts, CSE meetings, evaluation timelines, and parent rights.",130,Newburgh Enlarged City SD Special Ed Hub,40,,,https://www.newyorkspecialed.net/districts/newburgh-enlarged-city-sd/,200,7747,2007,0,1,1,41,0,44,,,,,0,0,0,0,0,0
20,https://www.newyorkspecialed.net/districts/nyc-district-02-upper-east-side/leadership-directory.html,200,text/html; charset=utf-8,true,Special Education Contacts: District 2,38,"Direct phone numbers and emails for District 2 Committee on Special Education (CSE), CPSE, and leadership offices.",114,,,,,https://www.newyorkspecialed.net/districts/nyc-district-02-upper-east-side/leadership-directory.html,200,6780,1835,0,9,9,39,0,43,,,,,0,0,0,0,0,0
20,https://www.newyorkspecialed.net/privacy-policy/,200,text/html; charset=utf-8,true,Privacy Policy | newyorkspecialed.net,37,,,Privacy Policy,14,,,https://www.newyorkspecialed.net/privacy-policy/,200,5591,1039,2,0,0,35,0,12,,,,,0,0,0,0,0,0
20,https://www.newyorkspecialed.net/contact/,200,text/html; charset=utf-8,true,Contact Us | newyorkspecialed.net,33,,,"Contact Us
Contact newyorkspecialed.net","10
28",,,https://www.newyorkspecialed.net/contact/,200,4012,354,1,0,0,35,0,16,,,,,0,0,0,0,0,0
20,https://www.newyorkspecialed.net/districts/nyc-district-09-grand-concourse/partners.html,200,text/html; charset=utf-8,true,Special Education Providers & Support in NYC District 09 Grand Concourse | NY Special Ed,88,"Navigating special education in NYC District 09 Grand Concourse? Learn about CSE meetings, IEPs, and your rights. Find local parent resources and advocates here.",161,Special Education Providers in NYC District 09 Grand Concourse,62,,,https://www.newyorkspecialed.net/districts/nyc-district-09-grand-concourse/partners.html,200,5312,845,1,8,8,40,9,90,,,,,0,0,0,0,0,0
20,https://www.newyorkspecialed.net/districts/rochester-city-sd/evaluation-process.html,200,text/html; charset=utf-8,true,Requesting an Evaluation in Rochester City SD,45,Step-by-step guide to the 60-day special education evaluation timeline in Rochester City SD.,92,Requesting a Special Education Evaluation,41,,,https://www.newyorkspecialed.net/districts/rochester-city-sd/evaluation-process.html,200,10125,3009,0,9,9,39,0,53,,,,,0,0,0,0,0,0
20,https://www.newyorkspecialed.net/districts/nyc-district-21-coney-island/evaluation-process.html,200,text/html; charset=utf-8,true,Requesting an Evaluation in District 21,39,Step-by-step guide to the 60-day special education evaluation timeline in District 21.,86,Requesting a Special Education Evaluation,41,,,https://www.newyorkspecialed.net/districts/nyc-district-21-coney-island/evaluation-process.html,200,10789,3319,0,8,8,39,0,74,,,,,0,0,0,0,0,0
20,https://www.newyorkspecialed.net/districts/greece-csd/discipline-rights.html,200,text/html; charset=utf-8,true,Discipline Rights — Greece CSD | NY Special Ed — Greece CSD | NY Special Ed,75,"Understand your special education discipline rights in Greece CSD. Learn about suspension, IEPs, Manifestation Determination Reviews, and more in Monroe County.",160,Discipline Rights & Impartial Hearings in Greece CSD,52,,,https://www.newyorkspecialed.net/districts/greece-csd/discipline-rights.html,200,3262,854,2,8,8,6,0,60,,,,,0,0,0,0,0,0
20,https://www.newyorkspecialed.net/districts/nyc-district-25-flushing/evaluation-process.html,200,text/html; charset=utf-8,true,Requesting an Evaluation in District 25,39,Step-by-step guide to the 60-day special education evaluation timeline in District 25.,86,Requesting a Special Education Evaluation,41,,,https://www.newyorkspecialed.net/districts/nyc-district-25-flushing/evaluation-process.html,200,9522,2697,0,8,8,39,0,76,,,,,0,0,0,0,0,0
20,https://www.newyorkspecialed.net/districts/brentwood-ufsd/discipline-rights.html,200,text/html; charset=utf-8,true,Student Discipline Rights in Brentwood UFSD,43,"Suspension, MDR, and discipline rights for students with disabilities in Brentwood UFSD.",88,Discipline Rights & the Manifestation Determination Review,58,,,https://www.newyorkspecialed.net/districts/brentwood-ufsd/discipline-rights.html,200,8536,2186,0,8,8,39,0,49,,,,,0,0,0,0,0,0
20,https://www.newyorkspecialed.net/districts/nyc-district-32-bushwick/partners.html,200,text/html; charset=utf-8,true,Special Education Providers & Support in NYC District 32 Bushwick | NY Special Ed,81,"Navigate special education in NYC District 32 Bushwick. Understand CSE meetings, IEPs, and your rights. Find local advocates and resources for your child.",154,Special Education Providers in NYC District 32 Bushwick,55,,,https://www.newyorkspecialed.net/districts/nyc-district-32-bushwick/partners.html,200,5297,841,1,8,8,40,9,54,,,,,0,0,0,0,0,0
20,https://www.newyorkspecialed.net/districts/sachem-csd/evaluation-process.html,200,text/html; charset=utf-8,true,Evaluation Rights — Sachem CSD | NY Special Ed — Sachem CSD | NY Special Ed,75,Understand your evaluation rights in Sachem CSD. Learn how to request a district evaluation and about Independent Educational Evaluations (IEEs).,145,Requesting an Evaluation in Sachem CSD,38,,,https://www.newyorkspecialed.net/districts/sachem-csd/evaluation-process.html,200,3259,898,2,8,8,6,0,89,,,,,0,0,0,0,0,0
20,https://www.newyorkspecialed.net/districts/nyc-district-09-grand-concourse/discipline-rights.html,200,text/html; charset=utf-8,true,Student Discipline Rights in District 9,39,"Suspension, MDR, and discipline rights for students with disabilities in District 9.",84,Discipline Rights & the Manifestation Determination Review,58,,,https://www.newyorkspecialed.net/districts/nyc-district-09-grand-concourse/discipline-rights.html,200,8534,2301,0,8,8,39,0,52,,,,,0,0,0,0,0,0
20,https://www.newyorkspecialed.net/districts/schenectady-city-sd/evaluation-process.html,200,text/html; charset=utf-8,true,Requesting an Evaluation in Schenectady City SD,47,Step-by-step guide to the 60-day special education evaluation timeline in Schenectady City SD.,94,Requesting a Special Education Evaluation,41,,,https://www.newyorkspecialed.net/districts/schenectady-city-sd/evaluation-process.html,200,9882,2896,0,8,8,39,0,86,,,,,0,0,0,0,0,0
20,https://www.newyorkspecialed.net/districts/nyc-district-13-brooklyn-heights/partners.html,200,text/html; charset=utf-8,true,Special Education Providers & Support in NYC District 13 Brooklyn Heights | NY Special Ed,89,"Navigating special education in NYC District 13, Brooklyn Heights, can be complex. Learn about CSE meetings and find local advocates to support your child's needs.",163,Special Education Providers in NYC District 13 Brooklyn Heights,63,,,https://www.newyorkspecialed.net/districts/nyc-district-13-brooklyn-heights/partners.html,200,5299,836,1,9,9,40,9,74,,,,,0,0,0,0,0,0
20,https://www.newyorkspecialed.net/districts/nyc-district-07-south-bronx/cse-meeting-guide.html,200,text/html; charset=utf-8,true,CSE Meeting Guide for District 7,32,"Prepare for your Committee on Special Education meeting in District 7. Tips for Related services shortages, CPSE delays, D75 referrals.",135,Who Must Be in the Room,23,,,https://www.newyorkspecialed.net/districts/nyc-district-07-south-bronx/cse-meeting-guide.html,200,9796,2768,0,8,8,39,0,412,,,,,0,0,0,0,0,0
20,https://www.newyorkspecialed.net/districts/nyc-district-14-williamsburg/discipline-rights.html,200,text/html; charset=utf-8,true,Student Discipline Rights in District 14,40,"Suspension, MDR, and discipline rights for students with disabilities in District 14.",85,Discipline Rights & the Manifestation Determination Review,58,,,https://www.newyorkspecialed.net/districts/nyc-district-14-williamsburg/discipline-rights.html,200,8715,2327,0,8,8,39,0,89,,,,,0,0,0,0,0,0
20,https://www.newyorkspecialed.net/districts/nyc-district-09-grand-concourse/evaluation-process.html,200,text/html; charset=utf-8,true,Requesting an Evaluation in District 9,38,Step-by-step guide to the 60-day special education evaluation timeline in District 9.,85,Requesting a Special Education Evaluation,41,,,https://www.newyorkspecialed.net/districts/nyc-district-09-grand-concourse/evaluation-process.html,200,10660,3074,0,8,8,39,0,105,,,,,0,0,0,0,0,0
20,https://www.newyorkspecialed.net/districts/new-rochelle-city-sd/discipline-rights.html,200,text/html; charset=utf-8,true,Student Discipline Rights in New Rochelle City SD,49,"Suspension, MDR, and discipline rights for students with disabilities in New Rochelle City SD.",94,Discipline Rights & the Manifestation Determination Review,58,,,https://www.newyorkspecialed.net/districts/new-rochelle-city-sd/discipline-rights.html,200,8445,2254,0,8,8,39,0,60,,,,,0,0,0,0,0,0
20,https://www.newyorkspecialed.net/districts/nyc-district-19-east-new-york/discipline-rights.html,200,text/html; charset=utf-8,true,Student Discipline Rights in District 19,40,"Suspension, MDR, and discipline rights for students with disabilities in District 19.",85,Discipline Rights & the Manifestation Determination Review,58,,,https://www.newyorkspecialed.net/districts/nyc-district-19-east-new-york/discipline-rights.html,200,8003,1958,0,8,8,39,0,69,,,,,0,0,0,0,0,0
20,https://www.newyorkspecialed.net/districts/nyc-district-15-park-slope/discipline-rights.html,200,text/html; charset=utf-8,true,Student Discipline Rights in District 15,40,"Suspension, MDR, and discipline rights for students with disabilities in District 15.",85,Discipline Rights & the Manifestation Determination Review,58,,,https://www.newyorkspecialed.net/districts/nyc-district-15-park-slope/discipline-rights.html,200,8523,2193,0,9,9,39,0,49,,,,,0,0,0,0,0,0
20,https://www.newyorkspecialed.net/districts/syracuse-city-sd/parent-advocacy-guide.html,200,text/html; charset=utf-8,true,CSE Advocacy Guide for Syracuse City SD Parents | NY Special Ed,63,"A parent's guide to navigating the CSE process in Syracuse City SD. Learn about your rights, IEPs, evaluations, and advocating for your child.",142,Parent Advocacy Guide for Syracuse City SD,42,,,https://www.newyorkspecialed.net/districts/syracuse-city-sd/parent-advocacy-guide.html,200,4737,990,2,1,1,40,0,66,,,,,0,0,0,0,0,0
20,https://www.newyorkspecialed.net/districts/nyc-district-31-staten-island/evaluation-process.html,200,text/html; charset=utf-8,true,Requesting an Evaluation in District 31,39,Step-by-step guide to the 60-day special education evaluation timeline in District 31.,86,Requesting a Special Education Evaluation,41,,,https://www.newyorkspecialed.net/districts/nyc-district-31-staten-island/evaluation-process.html,200,11405,3444,0,9,9,39,0,58,,,,,0,0,0,0,0,0
20,https://www.newyorkspecialed.net/districts/nyc-district-16-bed-stuy/cse-meeting-guide.html,200,text/html; charset=utf-8,true,CSE Meeting Guide for District 16,33,"Prepare for your Committee on Special Education meeting in District 16. Tips for D75 referral patterns, behavioral supports, related services.",142,Who Must Be in the Room,23,,,https://www.newyorkspecialed.net/districts/nyc-district-16-bed-stuy/cse-meeting-guide.html,200,9899,2645,0,8,8,39,0,133,,,,,0,0,0,0,0,0
20,https://www.newyorkspecialed.net/districts/nyc-district-08-throgs-neck/cse-meeting-guide.html,200,text/html; charset=utf-8,true,CSE Meeting Guide for District 8,32,"Prepare for your Committee on Special Education meeting in District 8. Tips for Autism services, NEST programs, Co-op City inclusion.",133,Who Must Be in the Room,23,,,https://www.newyorkspecialed.net/districts/nyc-district-08-throgs-neck/cse-meeting-guide.html,200,10495,2985,0,8,8,39,0,56,,,,,0,0,0,0,0,0
20,https://www.newyorkspecialed.net/districts/white-plains-city-sd/discipline-rights.html,200,text/html; charset=utf-8,true,Student Discipline Rights in White Plains City SD,49,"Suspension, MDR, and discipline rights for students with disabilities in White Plains City SD.",94,Discipline Rights & the Manifestation Determination Review,58,,,https://www.newyorkspecialed.net/districts/white-plains-city-sd/discipline-rights.html,200,9145,2543,0,8,8,39,0,89,,,,,0,0,0,0,0,0
20,https://www.newyorkspecialed.net/districts/mount-vernon-city-sd/discipline-rights.html,200,text/html; charset=utf-8,true,Student Discipline Rights in Mount Vernon City SD,49,"Suspension, MDR, and discipline rights for students with disabilities in Mount Vernon City SD.",94,Discipline Rights & the Manifestation Determination Review,58,,,https://www.newyorkspecialed.net/districts/mount-vernon-city-sd/discipline-rights.html,200,8432,2195,0,8,8,39,0,59,,,,,0,0,0,0,0,0
20,https://www.newyorkspecialed.net/guides/bilingual-iep-new-york/,200,text/html; charset=utf-8,true,Bilingual IEPs & Evaluations in NY | newyorkspecialed.net,57,,,Bilingual IEPs & Evaluations in NY,34,,,https://www.newyorkspecialed.net/guides/bilingual-iep-new-york/,200,7136,1717,1,0,0,35,0,18,,,,,0,0,0,0,0,0
20,https://www.newyorkspecialed.net/districts/nyc-district-22-midwood/special-ed-updates.html,200,text/html; charset=utf-8,true,District 22 Special Education: Essential Parent Intel & Updates,63,"Stay ahead of District 22 special education changes. Get critical news, trends, and advocacy strategies before your child's next CSE meeting.",141,District 22 Special Education: Parent Intel,43,,,https://www.newyorkspecialed.net/districts/nyc-district-22-midwood/special-ed-updates.html,200,6415,1209,1,9,9,40,0,81,,,,,0,0,0,0,0,0
20,https://www.newyorkspecialed.net/districts/nyc-district-13-brooklyn-heights/discipline-rights.html,200,text/html; charset=utf-8,true,Student Discipline Rights in District 13,40,"Suspension, MDR, and discipline rights for students with disabilities in District 13.",85,Discipline Rights & the Manifestation Determination Review,58,,,https://www.newyorkspecialed.net/districts/nyc-district-13-brooklyn-heights/discipline-rights.html,200,9281,2620,0,9,9,39,0,44,,,,,0,0,0,0,0,0
20,https://www.newyorkspecialed.net/districts/new-rochelle-city-sd/evaluation-process.html,200,text/html; charset=utf-8,true,Requesting an Evaluation in New Rochelle City SD,48,Step-by-step guide to the 60-day special education evaluation timeline in New Rochelle City SD.,95,Requesting a Special Education Evaluation,41,,,https://www.newyorkspecialed.net/districts/new-rochelle-city-sd/evaluation-process.html,200,10366,3203,0,8,8,39,0,86,,,,,0,0,0,0,0,0
20,https://www.newyorkspecialed.net/districts/freeport-ufsd/special-ed-updates.html,200,text/html; charset=utf-8,true,Freeport UFSD Special Education: Essential Parent Intel & Updates,65,"Stay ahead of Freeport UFSD special education changes. Get critical news, trends, and advocacy strategies before your child's next CSE meeting.",143,Freeport UFSD Special Education: Parent Intel,45,,,https://www.newyorkspecialed.net/districts/freeport-ufsd/special-ed-updates.html,200,6513,1218,1,8,8,40,0,92,,,,,0,0,0,0,0,0
20,https://www.newyorkspecialed.net/districts/nyc-district-29-queens-village/partners.html,200,text/html; charset=utf-8,true,Special Education Providers & Support in NYC District 29 Queens Village | NY Special Ed,87,"Navigate special education in NYC District 29, Queens Village. Learn about CSE meetings, IEPs, and your rights. Find local advocates and resources here.",152,Special Education Providers in NYC District 29 Queens Village,61,,,https://www.newyorkspecialed.net/districts/nyc-district-29-queens-village/partners.html,200,5260,842,1,8,8,40,9,70,,,,,0,0,0,0,0,0
20,https://www.newyorkspecialed.net/districts/nyc-district-27-rockaway/partners.html,200,text/html; charset=utf-8,true,Special Education Providers & Support in NYC District 27 Rockaway | NY Special Ed,81,"Navigating special education in NYC District 27 Rockaway? Learn about CSE meetings, IEPs, and your child's rights. Connect with local advocates for support.",156,Special Education Providers in NYC District 27 Rockaway,55,,,https://www.newyorkspecialed.net/districts/nyc-district-27-rockaway/partners.html,200,5272,821,1,8,8,40,9,73,,,,,0,0,0,0,0,0
20,https://www.newyorkspecialed.net/districts/nyc-district-31-staten-island/partners.html,200,text/html; charset=utf-8,true,Special Education Providers & Support in NYC District 31 Staten Island | NY Special Ed,86,"Navigating special education in NYC District 31 (Staten Island) can be complex. Learn about CSE meetings, IEPs, your rights, and find local parent advocates to help.",165,Special Education Providers in NYC District 31 Staten Island,60,,,https://www.newyorkspecialed.net/districts/nyc-district-31-staten-island/partners.html,200,5308,844,1,9,9,40,9,59,,,,,0,0,0,0,0,0
20,https://www.newyorkspecialed.net/districts/albany-city-sd/partners.html,200,text/html; charset=utf-8,true,Special Education Providers & Support in Albany City SD | NY Special Ed,71,"Navigate special education in Albany City SD. Understand CSE meetings, IEPs, and your rights. Find local advocates and resources for Albany families.",149,Special Education Providers in Albany City SD,45,,,https://www.newyorkspecialed.net/districts/albany-city-sd/partners.html,200,5283,824,1,9,9,40,9,38,,,,,0,0,0,0,0,0
20,https://www.newyorkspecialed.net/districts/nyc-district-25-flushing/cse-meeting-guide.html,200,text/html; charset=utf-8,true,CSE Meeting Guide for District 25,33,"Prepare for your Committee on Special Education meeting in District 25. Tips for Mandarin/Korean bilingual IEPs, large ASD population, NEST programs.",149,Who Must Be in the Room,23,,,https://www.newyorkspecialed.net/districts/nyc-district-25-flushing/cse-meeting-guide.html,200,10668,3254,0,8,8,39,0,74,,,,,0,0,0,0,0,0
20,https://www.newyorkspecialed.net/districts/nyc-district-01-lower-east-side/,200,text/html; charset=utf-8,true,District 1 Special Education Hub | newyorkspecialed.net,55,"Complete guide to Special Education in District 1. Contacts, CSE meetings, evaluation timelines, and parent rights.",115,District 1 Special Ed Hub,25,,,https://www.newyorkspecialed.net/districts/nyc-district-01-lower-east-side/,200,7744,1790,0,1,1,41,0,20,,,,,0,0,0,0,0,0
20,https://www.newyorkspecialed.net/districts/utica-city-sd/leadership-directory.html,200,text/html; charset=utf-8,true,Special Education Contacts: Utica City SD,41,"Direct phone numbers and emails for Utica City SD Committee on Special Education (CSE), CPSE, and leadership offices.",117,,,,,https://www.newyorkspecialed.net/districts/utica-city-sd/leadership-directory.html,200,6662,1806,0,8,8,39,0,73,,,,,0,0,0,0,0,0
20,https://www.newyorkspecialed.net/districts/greece-csd/leadership-directory.html,200,text/html; charset=utf-8,true,Special Education Contacts — Greece CSD | NY Special Ed,55,"Find Greece CSD special education contacts. Connect with the CSE chairperson, special education director, and other key personnel in Greece, NY.",144,Special Education Contacts in Greece CSD,40,,,https://www.newyorkspecialed.net/districts/greece-csd/leadership-directory.html,200,2115,371,2,8,8,6,1,67,,,,,0,0,0,0,0,0
20,https://www.newyorkspecialed.net/districts/new-rochelle-city-sd/parent-advocacy-guide.html,200,text/html; charset=utf-8,true,CSE Advocacy Guide for New Rochelle City SD Parents | NY Special Ed,67,"A parent's guide to special education in New Rochelle City SD. Learn about CSE meetings, IEPs, parent rights, and effective advocacy for your child.",148,Parent Advocacy Guide for New Rochelle City SD,46,,,https://www.newyorkspecialed.net/districts/new-rochelle-city-sd/parent-advocacy-guide.html,200,4993,1118,1,3,3,40,0,49,,,,,0,0,0,0,0,0
20,https://www.newyorkspecialed.net/districts/new-rochelle-city-sd/partners.html,200,text/html; charset=utf-8,true,Special Education Providers & Support in New Rochelle City SD | NY Special Ed,77,"Navigate special education in New Rochelle City SD. Understand CSE meetings, IEPs, and your rights. Find local support and advocacy resources for your child.",157,Special Education Providers in New Rochelle City SD,51,,,https://www.newyorkspecialed.net/districts/new-rochelle-city-sd/partners.html,200,5331,833,1,8,8,40,9,41,,,,,0,0,0,0,0,0
20,https://www.newyorkspecialed.net/districts/nyc-district-07-south-bronx/discipline-rights.html,200,text/html; charset=utf-8,true,Student Discipline Rights in District 7,39,"Suspension, MDR, and discipline rights for students with disabilities in District 7.",84,Discipline Rights & the Manifestation Determination Review,58,,,https://www.newyorkspecialed.net/districts/nyc-district-07-south-bronx/discipline-rights.html,200,8439,2135,0,8,8,39,0,57,,,,,0,0,0,0,0,0
20,https://www.newyorkspecialed.net/districts/east-ramapo-csd/,200,text/html; charset=utf-8,true,Special Education Resources — East Ramapo CSD | NY Special Ed,61,"Navigating the special education process in East Ramapo CSD can be challenging. Understand your rights, the CSE process, and access resources for your child.",157,Special Education Resources in East Ramapo CSD,46,,,https://www.newyorkspecialed.net/districts/east-ramapo-csd/,200,2105,315,2,0,0,8,0,47,,,,,0,0,0,0,0,0
20,https://www.newyorkspecialed.net/districts/greece-csd/evaluation-process.html,200,text/html; charset=utf-8,true,Evaluation Rights — Greece CSD | NY Special Ed — Greece CSD | NY Special Ed,75,Learn about your rights to request special education evaluations in Greece CSD. Understand timelines and Independent Educational Evaluations (IEEs).,148,Requesting an Evaluation in Greece CSD,38,,,https://www.newyorkspecialed.net/districts/greece-csd/evaluation-process.html,200,3075,831,2,8,8,6,0,90,,,,,0,0,0,0,0,0
20,https://www.newyorkspecialed.net/districts/yonkers-city-sd/parent-advocacy-guide.html,200,text/html; charset=utf-8,true,CSE Advocacy Guide for Yonkers City SD Parents | NY Special Ed,62,"A parent's guide to special education advocacy in Yonkers City SD. Understand your rights, navigate CSE meetings, and advocate for your child's IEP. Get the support you need.",174,Parent Advocacy Guide for Yonkers City SD,41,,,https://www.newyorkspecialed.net/districts/yonkers-city-sd/parent-advocacy-guide.html,200,4857,1048,2,1,1,40,0,61,,,,,0,0,0,0,0,0
20,https://www.newyorkspecialed.net/districts/nyc-district-28-forest-hills/partners.html,200,text/html; charset=utf-8,true,Special Education Providers & Support in NYC District 28 Forest Hills | NY Special Ed,85,"Navigating special education in NYC District 28 (Forest Hills)? Learn about CSE meetings, IEPs, and your rights. Connect with local advocates in Queens.",152,Special Education Providers in NYC District 28 Forest Hills,59,,,https://www.newyorkspecialed.net/districts/nyc-district-28-forest-hills/partners.html,200,5341,850,1,8,8,40,9,55,,,,,0,0,0,0,0,0
20,https://www.newyorkspecialed.net/districts/nyc-district-75/cse-meeting-guide.html,200,text/html; charset=utf-8,true,CSE Meeting Guide for District 75,33,"Prepare for your Committee on Special Education meeting in District 75. Tips for CRITICAL PAGE: D75 referral process, ACES, Horizon, NEST, placement rights, travel training.",173,Who Must Be in the Room,23,,,https://www.newyorkspecialed.net/districts/nyc-district-75/cse-meeting-guide.html,200,10377,2889,0,9,9,39,0,57,,,,,0,0,0,0,0,0
20,https://www.newyorkspecialed.net/districts/nyc-district-23-brownsville/leadership-directory.html,200,text/html; charset=utf-8,true,Special Education Contacts: District 23,39,"Direct phone numbers and emails for District 23 Committee on Special Education (CSE), CPSE, and leadership offices.",115,,,,,https://www.newyorkspecialed.net/districts/nyc-district-23-brownsville/leadership-directory.html,200,6657,1770,0,8,8,39,0,46,,,,,0,0,0,0,0,0
20,https://www.newyorkspecialed.net/districts/nyc-district-31-staten-island/parent-advocacy-guide.html,200,text/html; charset=utf-8,true,CSE Advocacy Guide for NYC District 31 Staten Island Parents | NY Special Ed,76,A parent's guide to navigating CSE meetings and advocating for your child's IEP in NYC District 31 Staten Island. Understand your rights and available resources.,161,Parent Advocacy Guide for NYC District 31 Staten Island,55,,,https://www.newyorkspecialed.net/districts/nyc-district-31-staten-island/parent-advocacy-guide.html,200,4757,1034,2,1,1,40,0,102,,,,,0,0,0,0,0,0
20,https://www.newyorkspecialed.net/districts/nyc-district-31-staten-island/cse-meeting-guide.html,200,text/html; charset=utf-8,true,CSE Meeting Guide for District 31,33,"Prepare for your Committee on Special Education meeting in District 31. Tips for Only SI district; ABA services, P-3 autism programs, suburban-style advocacy, NEST/Horizon.",172,Who Must Be in the Room,23,,,https://www.newyorkspecialed.net/districts/nyc-district-31-staten-island/cse-meeting-guide.html,200,9976,2820,0,9,9,39,0,41,,,,,0,0,0,0,0,0
20,https://www.newyorkspecialed.net/districts/nyc-district-10-riverdale/discipline-rights.html,200,text/html; charset=utf-8,true,Student Discipline Rights in District 10,40,"Suspension, MDR, and discipline rights for students with disabilities in District 10.",85,Discipline Rights & the Manifestation Determination Review,58,,,https://www.newyorkspecialed.net/districts/nyc-district-10-riverdale/discipline-rights.html,200,8260,2100,0,8,8,39,0,46,,,,,0,0,0,0,0,0
20,https://www.newyorkspecialed.net/districts/utica-city-sd/evaluation-process.html,200,text/html; charset=utf-8,true,Requesting an Evaluation in Utica City SD,41,Step-by-step guide to the 60-day special education evaluation timeline in Utica City SD.,88,Requesting a Special Education Evaluation,41,,,https://www.newyorkspecialed.net/districts/utica-city-sd/evaluation-process.html,200,10950,3323,0,8,8,39,0,143,,,,,0,0,0,0,0,0
20,https://www.newyorkspecialed.net/districts/nyc-district-17-crown-heights/evaluation-process.html,200,text/html; charset=utf-8,true,Requesting an Evaluation in District 17,39,Step-by-step guide to the 60-day special education evaluation timeline in District 17.,86,Requesting a Special Education Evaluation,41,,,https://www.newyorkspecialed.net/districts/nyc-district-17-crown-heights/evaluation-process.html,200,9581,2645,0,8,8,39,0,53,,,,,0,0,0,0,0,0
20,https://www.newyorkspecialed.net/districts/buffalo-city-sd/cse-meeting-guide.html,200,text/html; charset=utf-8,true,CSE Meeting Guide for Buffalo City SD,37,"Prepare for your Committee on Special Education meeting in Buffalo City SD. Tips for High needs district (84%), bilingual evals, CSE process, transition services.",162,Who Must Be in the Room,23,,,https://www.newyorkspecialed.net/districts/buffalo-city-sd/cse-meeting-guide.html,200,10154,3083,0,9,9,39,0,45,,,,,0,0,0,0,0,0
20,https://www.newyorkspecialed.net/districts/east-ramapo-csd/leadership-directory.html,200,text/html; charset=utf-8,true,Special Education Contacts — East Ramapo CSD | NY Special Ed,60,"East Ramapo CSD special education contacts. Find the CSE chairperson, director of special education, and other key special ed contacts in Rockland County.",154,Special Education Contacts in East Ramapo CSD,45,,,https://www.newyorkspecialed.net/districts/east-ramapo-csd/leadership-directory.html,200,2072,370,2,8,8,6,1,47,,,,,0,0,0,0,0,0
20,https://www.newyorkspecialed.net/districts/rochester-city-sd/,200,text/html; charset=utf-8,true,Rochester City SD Special Education Hub | newyorkspecialed.net,62,"Complete guide to Special Education in Rochester City SD. Contacts, CSE meetings, evaluation timelines, and parent rights.",122,Rochester City SD Special Ed Hub,32,,,https://www.newyorkspecialed.net/districts/rochester-city-sd/,200,8016,1973,0,1,1,41,0,16,,,,,0,0,0,0,0,0
20,https://www.newyorkspecialed.net/districts/nyc-district-13-brooklyn-heights/parent-advocacy-guide.html,200,text/html; charset=utf-8,true,CSE Advocacy Guide for NYC District 13 Brooklyn Heights Parents | NY Special Ed,79,"A parent's guide to navigating the special education system in NYC District 13 Brooklyn Heights. Learn about CSE meetings, parent rights, and IEP advocacy.",155,Parent Advocacy Guide for NYC District 13 Brooklyn Heights,58,,,https://www.newyorkspecialed.net/districts/nyc-district-13-brooklyn-heights/parent-advocacy-guide.html,200,5332,1254,2,1,1,40,0,46,,,,,0,0,0,0,0,0
20,https://www.newyorkspecialed.net/districts/mount-vernon-city-sd/,200,text/html; charset=utf-8,true,Mount Vernon City SD Special Education Hub | newyorkspecialed.net,65,"Complete guide to Special Education in Mount Vernon City SD. Contacts, CSE meetings, evaluation timelines, and parent rights.",125,Mount Vernon City SD Special Ed Hub,35,,,https://www.newyorkspecialed.net/districts/mount-vernon-city-sd/,200,7331,1777,0,1,1,41,0,61,,,,,0,0,0,0,0,0
20,https://www.newyorkspecialed.net/districts/nyc-district-29-queens-village/discipline-rights.html,200,text/html; charset=utf-8,true,Student Discipline Rights in District 29,40,"Suspension, MDR, and discipline rights for students with disabilities in District 29.",85,Discipline Rights & the Manifestation Determination Review,58,,,https://www.newyorkspecialed.net/districts/nyc-district-29-queens-village/discipline-rights.html,200,7983,1961,0,8,8,39,0,60,,,,,0,0,0,0,0,0
20,https://www.newyorkspecialed.net/districts/nyc-district-10-riverdale/parent-advocacy-guide.html,200,text/html; charset=utf-8,true,CSE Advocacy Guide for NYC District 10 Riverdale Parents | NY Special Ed,72,A parent's guide to CSE meetings and IEP advocacy in NYC District 10 Riverdale. Learn about your rights and the special education process.,138,Parent Advocacy Guide for NYC District 10 Riverdale,51,,,https://www.newyorkspecialed.net/districts/nyc-district-10-riverdale/parent-advocacy-guide.html,200,4644,1004,1,3,3,40,0,66,,,,,0,0,0,0,0,0
20,https://www.newyorkspecialed.net/districts/william-floyd-ufsd/discipline-rights.html,200,text/html; charset=utf-8,true,Student Discipline Rights in William Floyd UFSD,47,"Suspension, MDR, and discipline rights for students with disabilities in William Floyd UFSD.",92,Discipline Rights & the Manifestation Determination Review,58,,,https://www.newyorkspecialed.net/districts/william-floyd-ufsd/discipline-rights.html,200,8825,2402,0,8,8,39,0,45,,,,,0,0,0,0,0,0
20,https://www.newyorkspecialed.net/districts/yonkers-city-sd/special-ed-updates.html,200,text/html; charset=utf-8,true,Yonkers City SD Special Education: Essential Parent Intel & Updates,67,"Stay ahead of Yonkers City SD special education changes. Get critical news, trends, and advocacy strategies before your child's next CSE meeting.",145,Yonkers City SD Special Education: Parent Intel,47,,,https://www.newyorkspecialed.net/districts/yonkers-city-sd/special-ed-updates.html,200,6281,1205,1,9,9,40,0,39,,,,,0,0,0,0,0,0
20,https://www.newyorkspecialed.net/districts/nyc-district-01-lower-east-side/evaluation-process.html,200,text/html; charset=utf-8,true,Requesting an Evaluation in District 1,38,Step-by-step guide to the 60-day special education evaluation timeline in District 1.,85,Requesting a Special Education Evaluation,41,,,https://www.newyorkspecialed.net/districts/nyc-district-01-lower-east-side/evaluation-process.html,200,11132,3479,0,9,9,39,0,63,,,,,0,0,0,0,0,0
20,https://www.newyorkspecialed.net/districts/nyc-district-04-east-harlem/special-ed-updates.html,200,text/html; charset=utf-8,true,District 4 Special Education: Essential Parent Intel & Updates,62,"Stay ahead of District 4 special education changes. Get critical news, trends, and advocacy strategies before your child's next CSE meeting.",140,District 4 Special Education: Parent Intel,42,,,https://www.newyorkspecialed.net/districts/nyc-district-04-east-harlem/special-ed-updates.html,200,6268,1170,1,9,9,40,0,49,,,,,0,0,0,0,0,0
20,https://www.newyorkspecialed.net/districts/nyc-district-28-forest-hills/evaluation-process.html,200,text/html; charset=utf-8,true,Requesting an Evaluation in District 28,39,Step-by-step guide to the 60-day special education evaluation timeline in District 28.,86,Requesting a Special Education Evaluation,41,,,https://www.newyorkspecialed.net/districts/nyc-district-28-forest-hills/evaluation-process.html,200,9151,2416,0,8,8,39,0,61,,,,,0,0,0,0,0,0
20,https://www.newyorkspecialed.net/districts/nyc-district-02-upper-east-side/,200,text/html; charset=utf-8,true,District 2 Special Education Hub | newyorkspecialed.net,55,"Complete guide to Special Education in District 2. Contacts, CSE meetings, evaluation timelines, and parent rights.",115,District 2 Special Ed Hub,25,,,https://www.newyorkspecialed.net/districts/nyc-district-02-upper-east-side/,200,8155,2057,0,1,1,41,0,25,,,,,0,0,0,0,0,0
20,https://www.newyorkspecialed.net/districts/nyc-district-19-east-new-york/leadership-directory.html,200,text/html; charset=utf-8,true,Special Education Contacts: District 19,39,"Direct phone numbers and emails for District 19 Committee on Special Education (CSE), CPSE, and leadership offices.",115,,,,,https://www.newyorkspecialed.net/districts/nyc-district-19-east-new-york/leadership-directory.html,200,6275,1527,0,8,8,39,0,52,,,,,0,0,0,0,0,0
20,https://www.newyorkspecialed.net/districts/poughkeepsie-city-sd/parent-advocacy-guide.html,200,text/html; charset=utf-8,true,CSE Advocacy Guide for Poughkeepsie City SD Parents | NY Special Ed,67,"Learn about special education parent rights in Poughkeepsie City SD. Expert guide to CSE meetings, IEPs, evaluations, and effective advocacy in New York.",153,Parent Advocacy Guide for Poughkeepsie City SD,46,,,https://www.newyorkspecialed.net/districts/poughkeepsie-city-sd/parent-advocacy-guide.html,200,4669,983,1,3,3,40,0,69,,,,,0,0,0,0,0,0
20,https://www.newyorkspecialed.net/districts/nyc-district-08-throgs-neck/special-ed-updates.html,200,text/html; charset=utf-8,true,District 8 Special Education: Essential Parent Intel & Updates,62,"Stay ahead of District 8 special education changes. Get critical news, trends, and advocacy strategies before your child's next CSE meeting.",140,District 8 Special Education: Parent Intel,42,,,https://www.newyorkspecialed.net/districts/nyc-district-08-throgs-neck/special-ed-updates.html,200,6646,1304,1,8,8,40,0,41,,,,,0,0,0,0,0,0
20,https://www.newyorkspecialed.net/districts/schenectady-city-sd/special-ed-updates.html,200,text/html; charset=utf-8,true,Schenectady City SD Special Education: Essential Parent Intel & Updates,71,"Stay ahead of Schenectady City SD special education changes. Get critical news, trends, and advocacy strategies before your child's next CSE meeting.",149,Schenectady City SD Special Education: Parent Intel,51,,,https://www.newyorkspecialed.net/districts/schenectady-city-sd/special-ed-updates.html,200,6640,1266,1,8,8,40,0,50,,,,,0,0,0,0,0,0
20,https://www.newyorkspecialed.net/districts/nyc-district-02-upper-east-side/partners.html,200,text/html; charset=utf-8,true,Special Education Providers & Support in NYC District 02 Upper East Side | NY Special Ed,88,"Navigate special education in NYC District 02, Upper East Side. Understand CSE meetings, IEPs, your rights & find local advocates. Get the support you need.",156,Special Education Providers in NYC District 02 Upper East Side,62,,,https://www.newyorkspecialed.net/districts/nyc-district-02-upper-east-side/partners.html,200,5420,884,1,9,9,40,9,59,,,,,0,0,0,0,0,0
20,https://www.newyorkspecialed.net/districts/nyc-district-19-east-new-york/partners.html,200,text/html; charset=utf-8,true,Special Education Providers & Support in NYC District 19 East New York | NY Special Ed,86,"Navigate special education in NYC District 19 East New York. Understand CSE meetings, IEPs, and your rights. Find local advocates and resources for families.",157,Special Education Providers in NYC District 19 East New York,60,,,https://www.newyorkspecialed.net/districts/nyc-district-19-east-new-york/partners.html,200,5279,864,1,8,8,40,9,80,,,,,0,0,0,0,0,0
20,https://www.newyorkspecialed.net/districts/nyc-district-24-maspeth/parent-advocacy-guide.html,200,text/html; charset=utf-8,true,CSE Advocacy Guide for NYC District 24 Maspeth Parents | NY Special Ed,70,"Navigate the CSE process in NYC District 24 Maspeth. Understand your rights, IEP development, and how to advocate for your child's special education needs.",155,Parent Advocacy Guide for NYC District 24 Maspeth,49,,,https://www.newyorkspecialed.net/districts/nyc-district-24-maspeth/parent-advocacy-guide.html,200,4856,1021,2,1,1,40,0,68,,,,,0,0,0,0,0,0
20,https://www.newyorkspecialed.net/districts/nyc-district-28-forest-hills/,200,text/html; charset=utf-8,true,District 28 Special Education Hub | newyorkspecialed.net,56,"Complete guide to Special Education in District 28. Contacts, CSE meetings, evaluation timelines, and parent rights.",116,District 28 Special Ed Hub,26,,,https://www.newyorkspecialed.net/districts/nyc-district-28-forest-hills/,200,7368,1773,0,1,1,41,0,53,,,,,0,0,0,0,0,0
20,https://www.newyorkspecialed.net/districts/nyc-district-24-maspeth/partners.html,200,text/html; charset=utf-8,true,Special Education Providers & Support in NYC District 24 Maspeth | NY Special Ed,80,"Navigate special education in NYC District 24 Maspeth. Understand CSE meetings, IEPs, and your rights. Find local advocates and resources for your child.",153,Special Education Providers in NYC District 24 Maspeth,54,,,https://www.newyorkspecialed.net/districts/nyc-district-24-maspeth/partners.html,200,5277,833,1,9,9,40,9,84,,,,,0,0,0,0,0,0
20,https://www.newyorkspecialed.net/districts/east-ramapo-csd/special-ed-updates.html,200,text/html; charset=utf-8,true,Special Education Updates — East Ramapo CSD | NY Special Ed,59,"Stay informed about East Ramapo CSD special education. Track news, policy updates, and budget changes impacting students with IEPs in Rockland County.",150,Special Education Updates for East Ramapo CSD,45,,,https://www.newyorkspecialed.net/districts/east-ramapo-csd/special-ed-updates.html,200,1763,279,2,8,8,6,2,69,,,,,0,0,0,0,0,0
20,https://www.newyorkspecialed.net/districts/utica-city-sd/partners.html,200,text/html; charset=utf-8,true,Special Education Providers & Support in Utica City SD | NY Special Ed,70,"Navigate special education in Utica City SD. Learn about CSE meetings, IEPs, and your rights. Find local parent advocates and resources in suburban New York.",157,Special Education Providers in Utica City SD,44,,,https://www.newyorkspecialed.net/districts/utica-city-sd/partners.html,200,5288,823,1,8,8,40,9,52,,,,,0,0,0,0,0,0
20,https://www.newyorkspecialed.net/about/mission.html,200,text/html; charset=utf-8,true,Our Mission | NY Special Ed,27,"NY Special Ed exists to give New York parents the information, tools, and local resources they need to advocate effectively for their child's special education rights.",167,Our Mission,11,,,https://www.newyorkspecialed.net/about/mission.html,200,1807,352,1,2,2,1,0,72,,,,,0,0,0,0,0,0
20,https://www.newyorkspecialed.net/districts/nyc-district-03-upper-west-side/,200,text/html; charset=utf-8,true,District 3 Special Education Hub | newyorkspecialed.net,55,"Complete guide to Special Education in District 3. Contacts, CSE meetings, evaluation timelines, and parent rights.",115,District 3 Special Ed Hub,25,,,https://www.newyorkspecialed.net/districts/nyc-district-03-upper-west-side/,200,8424,2069,0,1,1,41,0,18,,,,,0,0,0,0,0,0
20,https://www.newyorkspecialed.net/districts/nyc-district-10-riverdale/partners.html,200,text/html; charset=utf-8,true,Special Education Providers & Support in NYC District 10 Riverdale | NY Special Ed,82,"Navigate special education in NYC District 10 Riverdale. Understand CSE meetings, IEPs, and your rights. Find local advocates and resources for your child.",155,Special Education Providers in NYC District 10 Riverdale,56,,,https://www.newyorkspecialed.net/districts/nyc-district-10-riverdale/partners.html,200,5333,841,1,8,8,40,9,43,,,,,0,0,0,0,0,0
20,https://www.newyorkspecialed.net/districts/central-islip-ufsd/discipline-rights.html,200,text/html; charset=utf-8,true,Student Discipline Rights in Central Islip UFSD,47,"Suspension, MDR, and discipline rights for students with disabilities in Central Islip UFSD.",92,Discipline Rights & the Manifestation Determination Review,58,,,https://www.newyorkspecialed.net/districts/central-islip-ufsd/discipline-rights.html,200,8670,2408,0,8,8,39,0,36,,,,,0,0,0,0,0,0
20,https://www.newyorkspecialed.net/districts/nyc-district-27-rockaway/evaluation-process.html,200,text/html; charset=utf-8,true,Requesting an Evaluation in District 27,39,Step-by-step guide to the 60-day special education evaluation timeline in District 27.,86,Requesting a Special Education Evaluation,41,,,https://www.newyorkspecialed.net/districts/nyc-district-27-rockaway/evaluation-process.html,200,10486,3113,0,8,8,39,0,100,,,,,0,0,0,0,0,0
20,https://www.newyorkspecialed.net/districts/nyc-district-25-flushing/,200,text/html; charset=utf-8,true,District 25 Special Education Hub | newyorkspecialed.net,56,"Complete guide to Special Education in District 25. Contacts, CSE meetings, evaluation timelines, and parent rights.",116,District 25 Special Ed Hub,26,,,https://www.newyorkspecialed.net/districts/nyc-district-25-flushing/,200,7782,1949,0,1,1,41,0,68,,,,,0,0,0,0,0,0
20,https://www.newyorkspecialed.net/districts/newburgh-enlarged-city-sd/discipline-rights.html,200,text/html; charset=utf-8,true,Student Discipline Rights in Newburgh Enlarged City SD,54,"Suspension, MDR, and discipline rights for students with disabilities in Newburgh Enlarged City SD.",99,Discipline Rights & the Manifestation Determination Review,58,,,https://www.newyorkspecialed.net/districts/newburgh-enlarged-city-sd/discipline-rights.html,200,9383,2557,0,8,8,39,0,57,,,,,0,0,0,0,0,0
20,https://www.newyorkspecialed.net/about/methodology.html,200,text/html; charset=utf-8,true,Our Methodology | NY Special Ed,31,"How NY Special Ed selects districts, researches content, vets provider listings, and maintains accuracy across New York State special education resources.",154,Our Methodology,15,,,https://www.newyorkspecialed.net/about/methodology.html,200,1687,305,1,2,2,1,0,98,,,,,0,0,0,0,0,0
20,https://www.newyorkspecialed.net/districts/nyc-district-25-flushing/special-ed-updates.html,200,text/html; charset=utf-8,true,District 25 Special Education: Essential Parent Intel & Updates,63,"Stay ahead of District 25 special education changes. Get critical news, trends, and advocacy strategies before your child's next CSE meeting.",141,District 25 Special Education: Parent Intel,43,,,https://www.newyorkspecialed.net/districts/nyc-district-25-flushing/special-ed-updates.html,200,6391,1180,1,8,8,40,0,74,,,,,0,0,0,0,0,0
20,https://www.newyorkspecialed.net/districts/nyc-district-06-washington-heights/evaluation-process.html,200,text/html; charset=utf-8,true,Requesting an Evaluation in District 6,38,Step-by-step guide to the 60-day special education evaluation timeline in District 6.,85,Requesting a Special Education Evaluation,41,,,https://www.newyorkspecialed.net/districts/nyc-district-06-washington-heights/evaluation-process.html,200,10915,3339,0,9,9,39,0,43,,,,,0,0,0,0,0,0
20,https://www.newyorkspecialed.net/districts/buffalo-city-sd/discipline-rights.html,200,text/html; charset=utf-8,true,Student Discipline Rights in Buffalo City SD,44,"Suspension, MDR, and discipline rights for students with disabilities in Buffalo City SD.",89,Discipline Rights & the Manifestation Determination Review,58,,,https://www.newyorkspecialed.net/districts/buffalo-city-sd/discipline-rights.html,200,9372,2669,0,9,9,39,0,54,,,,,0,0,0,0,0,0
20,https://www.newyorkspecialed.net/districts/white-plains-city-sd/special-ed-updates.html,200,text/html; charset=utf-8,true,White Plains City SD Special Education: Essential Parent Intel & Updates,72,"Stay ahead of White Plains City SD special education changes. Get critical news, trends, and advocacy strategies before your child's next CSE meeting.",150,White Plains City SD Special Education: Parent Intel,52,,,https://www.newyorkspecialed.net/districts/white-plains-city-sd/special-ed-updates.html,200,6232,1202,1,8,8,40,0,114,,,,,0,0,0,0,0,0
20,https://www.newyorkspecialed.net/districts/nyc-district-14-williamsburg/evaluation-process.html,200,text/html; charset=utf-8,true,Requesting an Evaluation in District 14,39,Step-by-step guide to the 60-day special education evaluation timeline in District 14.,86,Requesting a Special Education Evaluation,41,,,https://www.newyorkspecialed.net/districts/nyc-district-14-williamsburg/evaluation-process.html,200,10531,3069,0,8,8,39,0,115,,,,,0,0,0,0,0,0
20,https://www.newyorkspecialed.net/districts/nyc-district-22-midwood/partners.html,200,text/html; charset=utf-8,true,Special Education Providers & Support in NYC District 22 Midwood | NY Special Ed,80,"Navigate special education in NYC District 22 Midwood. Understand CSE meetings, IEPs, and your rights. Find local parent advocates and resources here.",150,Special Education Providers in NYC District 22 Midwood,54,,,https://www.newyorkspecialed.net/districts/nyc-district-22-midwood/partners.html,200,5291,835,1,9,9,40,9,66,,,,,0,0,0,0,0,0
20,https://www.newyorkspecialed.net/districts/nyc-district-22-midwood/leadership-directory.html,200,text/html; charset=utf-8,true,Special Education Contacts: District 22,39,"Direct phone numbers and emails for District 22 Committee on Special Education (CSE), CPSE, and leadership offices.",115,,,,,https://www.newyorkspecialed.net/districts/nyc-district-22-midwood/leadership-directory.html,200,6571,1643,0,9,9,39,0,107,,,,,0,0,0,0,0,0
20,https://www.newyorkspecialed.net/districts/new-rochelle-city-sd/cse-meeting-guide.html,200,text/html; charset=utf-8,true,CSE Meeting Guide for New Rochelle City SD,42,"Prepare for your Committee on Special Education meeting in New Rochelle City SD. Tips for Diverse suburban, dual-language+IEP, Westchester CSE process.",151,Navigating the CSE Meeting,26,,,https://www.newyorkspecialed.net/districts/new-rochelle-city-sd/cse-meeting-guide.html,200,10087,2765,0,8,8,39,0,87,,,,,0,0,0,0,0,0
20,https://www.newyorkspecialed.net/districts/nyc-district-15-park-slope/evaluation-process.html,200,text/html; charset=utf-8,true,Requesting an Evaluation in District 15,39,Step-by-step guide to the 60-day special education evaluation timeline in District 15.,86,Requesting a Special Education Evaluation,41,,,https://www.newyorkspecialed.net/districts/nyc-district-15-park-slope/evaluation-process.html,200,10294,3046,0,9,9,39,0,41,,,,,0,0,0,0,0,0
20,https://www.newyorkspecialed.net/districts/nyc-district-32-bushwick/,200,text/html; charset=utf-8,true,District 32 Special Education Hub | newyorkspecialed.net,56,"Complete guide to Special Education in District 32. Contacts, CSE meetings, evaluation timelines, and parent rights.",116,District 32 Special Ed Hub,26,,,https://www.newyorkspecialed.net/districts/nyc-district-32-bushwick/,200,7957,2011,0,1,1,41,0,53,,,,,0,0,0,0,0,0
20,https://www.newyorkspecialed.net/districts/nyc-district-03-upper-west-side/evaluation-process.html,200,text/html; charset=utf-8,true,Requesting an Evaluation in District 3,38,Step-by-step guide to the 60-day special education evaluation timeline in District 3.,85,Requesting a Special Education Evaluation,41,,,https://www.newyorkspecialed.net/districts/nyc-district-03-upper-west-side/evaluation-process.html,200,9239,2439,0,9,9,39,0,37,,,,,0,0,0,0,0,0
20,https://www.newyorkspecialed.net/districts/nyc-district-12-soundview/discipline-rights.html,200,text/html; charset=utf-8,true,Student Discipline Rights in District 12,40,"Suspension, MDR, and discipline rights for students with disabilities in District 12.",85,Discipline Rights & the Manifestation Determination Review,58,,,https://www.newyorkspecialed.net/districts/nyc-district-12-soundview/discipline-rights.html,200,8393,2107,0,8,8,39,0,77,,,,,0,0,0,0,0,0
20,https://www.newyorkspecialed.net/districts/nyc-district-05-central-harlem/partners.html,200,text/html; charset=utf-8,true,Special Education Providers & Support in NYC District 05 Central Harlem | NY Special Ed,87,"Navigating special education in NYC District 05 Central Harlem can be challenging. Learn about IEPs, CSE meetings, evaluations, and find local advocates ready to help your family.",179,Special Education Providers in NYC District 05 Central Harlem,61,,,https://www.newyorkspecialed.net/districts/nyc-district-05-central-harlem/partners.html,200,5277,847,1,9,9,40,9,64,,,,,0,0,0,0,0,0
20,https://www.newyorkspecialed.net/districts/central-islip-ufsd/leadership-directory.html,200,text/html; charset=utf-8,true,Special Education Contacts: Central Islip UFSD,46,"Direct phone numbers and emails for Central Islip UFSD Committee on Special Education (CSE), CPSE, and leadership offices.",122,,,,,https://www.newyorkspecialed.net/districts/central-islip-ufsd/leadership-directory.html,200,7246,2020,0,8,8,39,0,70,,,,,0,0,0,0,0,0
20,https://www.newyorkspecialed.net/districts/nyc-district-22-midwood/,200,text/html; charset=utf-8,true,District 22 Special Education Hub | newyorkspecialed.net,56,"Complete guide to Special Education in District 22. Contacts, CSE meetings, evaluation timelines, and parent rights.",116,District 22 Special Ed Hub,26,,,https://www.newyorkspecialed.net/districts/nyc-district-22-midwood/,200,7810,1825,0,1,1,41,0,22,,,,,0,0,0,0,0,0
20,https://www.newyorkspecialed.net/districts/nyc-district-05-central-harlem/,200,text/html; charset=utf-8,true,District 5 Special Education Hub | newyorkspecialed.net,55,"Complete guide to Special Education in District 5. Contacts, CSE meetings, evaluation timelines, and parent rights.",115,District 5 Special Ed Hub,25,,,https://www.newyorkspecialed.net/districts/nyc-district-05-central-harlem/,200,8032,1921,0,1,1,41,0,15,,,,,0,0,0,0,0,0
20,https://www.newyorkspecialed.net/districts/brentwood-ufsd/partners.html,200,text/html; charset=utf-8,true,Special Education Providers & Support in Brentwood UFSD | NY Special Ed,71,"Navigating special education in Brentwood UFSD can be complex. Learn about CSE meetings, IEPs, and your rights. Find local parent advocates and resources here.",159,Special Education Providers in Brentwood UFSD,45,,,https://www.newyorkspecialed.net/districts/brentwood-ufsd/partners.html,200,5333,807,1,8,8,40,9,53,,,,,0,0,0,0,0,0
20,https://www.newyorkspecialed.net/districts/mount-vernon-city-sd/special-ed-updates.html,200,text/html; charset=utf-8,true,Mount Vernon City SD Special Education: Essential Parent Intel & Updates,72,"Stay ahead of Mount Vernon City SD special education changes. Get critical news, trends, and advocacy strategies before your child's next CSE meeting.",150,Mount Vernon City SD Special Education: Parent Intel,52,,,https://www.newyorkspecialed.net/districts/mount-vernon-city-sd/special-ed-updates.html,200,9035,2168,1,8,8,40,0,76,,,,,0,0,0,0,0,0
20,https://www.newyorkspecialed.net/districts/central-islip-ufsd/evaluation-process.html,200,text/html; charset=utf-8,true,Requesting an Evaluation in Central Islip UFSD,46,Step-by-step guide to the 60-day special education evaluation timeline in Central Islip UFSD.,93,Requesting a Special Education Evaluation,41,,,https://www.newyorkspecialed.net/districts/central-islip-ufsd/evaluation-process.html,200,10086,2852,0,8,8,39,0,73,,,,,0,0,0,0,0,0
20,https://www.newyorkspecialed.net/districts/newburgh-enlarged-city-sd/partners.html,200,text/html; charset=utf-8,true,Special Education Providers & Support in Newburgh Enlarged City SD | NY Special Ed,82,"Navigating special education in Newburgh Enlarged City SD? Understand CSE meetings, IEPs, and your rights. Find local advocates and resources to support your child.",164,Special Education Providers in Newburgh Enlarged City SD,56,,,https://www.newyorkspecialed.net/districts/newburgh-enlarged-city-sd/partners.html,200,5292,847,1,8,8,40,9,84,,,,,0,0,0,0,0,0
20,https://www.newyorkspecialed.net/districts/nyc-district-29-queens-village/parent-advocacy-guide.html,200,text/html; charset=utf-8,true,CSE Advocacy Guide for NYC District 29 Queens Village Parents | NY Special Ed,77,"A special education parent advocacy guide for NYC District 29 Queens Village. Understand your rights, navigate CSE meetings, and advocate for IEP services.",155,Parent Advocacy Guide for NYC District 29 Queens Village,56,,,https://www.newyorkspecialed.net/districts/nyc-district-29-queens-village/parent-advocacy-guide.html,200,5081,1142,1,3,3,40,0,77,,,,,0,0,0,0,0,0
20,https://www.newyorkspecialed.net/districts/nyc-district-26-bayside/,200,text/html; charset=utf-8,true,District 26 Special Education Hub | newyorkspecialed.net,56,"Complete guide to Special Education in District 26. Contacts, CSE meetings, evaluation timelines, and parent rights.",116,District 26 Special Ed Hub,26,,,https://www.newyorkspecialed.net/districts/nyc-district-26-bayside/,200,8183,2028,0,1,1,41,0,11,,,,,0,0,0,0,0,0
20,https://www.newyorkspecialed.net/districts/east-ramapo-csd/cse-meeting-guide.html,200,text/html; charset=utf-8,true,CSE Meeting Guide — East Ramapo CSD | NY Special Ed — East Ramapo CSD | NY Special Ed,85,A guide for East Ramapo CSD special education parents. Learn about your rights and how to prepare for a successful CSE meeting in Rockland County.,146,CSE Meeting Guide for East Ramapo CSD Parents,45,,,https://www.newyorkspecialed.net/districts/east-ramapo-csd/cse-meeting-guide.html,200,2851,677,2,8,8,6,0,62,,,,,0,0,0,0,0,0
20,https://www.newyorkspecialed.net/districts/nyc-district-30-astoria/special-ed-updates.html,200,text/html; charset=utf-8,true,District 30 Special Education: Essential Parent Intel & Updates,63,"Stay ahead of District 30 special education changes. Get critical news, trends, and advocacy strategies before your child's next CSE meeting.",141,District 30 Special Education: Parent Intel,43,,,https://www.newyorkspecialed.net/districts/nyc-district-30-astoria/special-ed-updates.html,200,6450,1264,1,9,9,40,0,40,,,,,0,0,0,0,0,0
20,https://www.newyorkspecialed.net/districts/nyc-district-18-east-flatbush/parent-advocacy-guide.html,200,text/html; charset=utf-8,true,CSE Advocacy Guide for NYC District 18 East Flatbush Parents | NY Special Ed,76,A parent advocacy guide for navigating CSE meetings and IEP development in NYC District 18 East Flatbush. Understand your rights and advocate effectively for your child.,169,Parent Advocacy Guide for NYC District 18 East Flatbush,55,,,https://www.newyorkspecialed.net/districts/nyc-district-18-east-flatbush/parent-advocacy-guide.html,200,5007,1207,1,3,3,40,0,57,,,,,0,0,0,0,0,0
20,https://www.newyorkspecialed.net/districts/nyc-district-03-upper-west-side/leadership-directory.html,200,text/html; charset=utf-8,true,Special Education Contacts: District 3,38,"Direct phone numbers and emails for District 3 Committee on Special Education (CSE), CPSE, and leadership offices.",114,,,,,https://www.newyorkspecialed.net/districts/nyc-district-03-upper-west-side/leadership-directory.html,200,6654,1733,0,9,9,39,0,44,,,,,0,0,0,0,0,0
20,https://www.newyorkspecialed.net/districts/nyc-district-02-upper-east-side/special-ed-updates.html,200,text/html; charset=utf-8,true,District 2 Special Education: Essential Parent Intel & Updates,62,"Stay ahead of District 2 special education changes. Get critical news, trends, and advocacy strategies before your child's next CSE meeting.",140,District 2 Special Education: Parent Intel,42,,,https://www.newyorkspecialed.net/districts/nyc-district-02-upper-east-side/special-ed-updates.html,200,6450,1250,1,9,9,40,0,45,,,,,0,0,0,0,0,0
20,https://www.newyorkspecialed.net/districts/schenectady-city-sd/parent-advocacy-guide.html,200,text/html; charset=utf-8,true,CSE Advocacy Guide for Schenectady City SD Parents | NY Special Ed,66,"A parent's guide to navigating the CSE process in Schenectady City SD. Learn about IEPs, parent rights, and special education advocacy in New York.",147,Parent Advocacy Guide for Schenectady City SD,45,,,https://www.newyorkspecialed.net/districts/schenectady-city-sd/parent-advocacy-guide.html,200,4885,1051,1,3,3,40,0,42,,,,,0,0,0,0,0,0
20,https://www.newyorkspecialed.net/districts/yonkers-city-sd/leadership-directory.html,200,text/html; charset=utf-8,true,Special Education Contacts: Yonkers City SD,43,"Direct phone numbers and emails for Yonkers City SD Committee on Special Education (CSE), CPSE, and leadership offices.",119,,,,,https://www.newyorkspecialed.net/districts/yonkers-city-sd/leadership-directory.html,200,6733,1787,0,9,9,39,0,53,,,,,0,0,0,0,0,0
20,https://www.newyorkspecialed.net/districts/nyc-district-16-bed-stuy/parent-advocacy-guide.html,200,text/html; charset=utf-8,true,CSE Advocacy Guide for NYC District 16 Bed Stuy Parents | NY Special Ed,71,"A parent advocacy guide for special education in NYC District 16 Bed Stuy. Learn about CSE meetings, IEPs, parent rights, and effective advocacy strategies.",156,Parent Advocacy Guide for NYC District 16 Bed Stuy,50,,,https://www.newyorkspecialed.net/districts/nyc-district-16-bed-stuy/parent-advocacy-guide.html,200,4530,948,1,3,3,40,0,61,,,,,0,0,0,0,0,0
20,https://www.newyorkspecialed.net/districts/schenectady-city-sd/partners.html,200,text/html; charset=utf-8,true,Special Education Providers & Support in Schenectady City SD | NY Special Ed,76,"Navigate special education in Schenectady City SD! Understand CSE meetings, IEPs, and your rights. Find local support and advocates for your child in Schenectady.",162,Special Education Providers in Schenectady City SD,50,,,https://www.newyorkspecialed.net/districts/schenectady-city-sd/partners.html,200,5286,822,1,8,8,40,9,16,,,,,0,0,0,0,0,0
20,https://www.newyorkspecialed.net/districts/nyc-district-22-midwood/evaluation-process.html,200,text/html; charset=utf-8,true,Requesting an Evaluation in District 22,39,Step-by-step guide to the 60-day special education evaluation timeline in District 22.,86,Requesting a Special Education Evaluation,41,,,https://www.newyorkspecialed.net/districts/nyc-district-22-midwood/evaluation-process.html,200,10998,3293,0,9,9,39,0,48,,,,,0,0,0,0,0,0
20,https://www.newyorkspecialed.net/districts/william-floyd-ufsd/,200,text/html; charset=utf-8,true,William Floyd UFSD Special Education Hub | newyorkspecialed.net,63,"Complete guide to Special Education in William Floyd UFSD. Contacts, CSE meetings, evaluation timelines, and parent rights.",123,William Floyd UFSD Special Ed Hub,33,,,https://www.newyorkspecialed.net/districts/william-floyd-ufsd/,200,8076,2089,0,1,1,41,0,45,,,,,0,0,0,0,0,0
20,https://www.newyorkspecialed.net/districts/nyc-district-20-bay-ridge/partners.html,200,text/html; charset=utf-8,true,Special Education Providers & Support in NYC District 20 Bay Ridge | NY Special Ed,82,"Navigating special education in NYC District 20, Bay Ridge, can be tough. Learn about CSE meetings, IEPs, and find local advocates to support your child.",153,Special Education Providers in NYC District 20 Bay Ridge,56,,,https://www.newyorkspecialed.net/districts/nyc-district-20-bay-ridge/partners.html,200,5309,852,1,9,9,40,9,84,,,,,0,0,0,0,0,0
20,https://www.newyorkspecialed.net/districts/william-floyd-ufsd/parent-advocacy-guide.html,200,text/html; charset=utf-8,true,CSE Advocacy Guide for William Floyd UFSD Parents | NY Special Ed,65,Understand your rights as a parent in William Floyd UFSD's special education process. Learn about CSE meetings and IEP advocacy to support your child.,150,Parent Advocacy Guide for William Floyd UFSD,44,,,https://www.newyorkspecialed.net/districts/william-floyd-ufsd/parent-advocacy-guide.html,200,5212,1215,1,3,3,40,0,93,,,,,0,0,0,0,0,0
20,https://www.newyorkspecialed.net/districts/yonkers-city-sd/partners.html,200,text/html; charset=utf-8,true,Special Education Providers & Support in Yonkers City SD | NY Special Ed,72,"Navigating special education in Yonkers City SD can be complex. Learn about CSE meetings, IEPs, and your rights. Find local advocates and resources near you!",157,Special Education Providers in Yonkers City SD,46,,,https://www.newyorkspecialed.net/districts/yonkers-city-sd/partners.html,200,5267,828,1,9,9,40,9,57,,,,,0,0,0,0,0,0
20,https://www.newyorkspecialed.net/districts/niagara-falls-city-sd/special-ed-updates.html,200,text/html; charset=utf-8,true,Niagara Falls City SD Special Education: Essential Parent Intel & Updates,73,"Stay ahead of Niagara Falls City SD special education changes. Get critical news, trends, and advocacy strategies before your child's next CSE meeting.",151,Niagara Falls City SD Special Education: Parent Intel,53,,,https://www.newyorkspecialed.net/districts/niagara-falls-city-sd/special-ed-updates.html,200,6624,1357,1,8,8,40,0,51,,,,,0,0,0,0,0,0
20,https://www.newyorkspecialed.net/districts/utica-city-sd/,200,text/html; charset=utf-8,true,Utica City SD Special Education Hub | newyorkspecialed.net,58,"Complete guide to Special Education in Utica City SD. Contacts, CSE meetings, evaluation timelines, and parent rights.",118,Utica City SD Special Ed Hub,28,,,https://www.newyorkspecialed.net/districts/utica-city-sd/,200,7842,1917,0,1,1,41,0,64,,,,,0,0,0,0,0,0
20,https://www.newyorkspecialed.net/districts/nyc-district-06-washington-heights/parent-advocacy-guide.html,200,text/html; charset=utf-8,true,CSE Advocacy Guide for NYC District 06 Washington Heights Parents,65,"A parent's guide to navigating the CSE process in NYC District 06 Washington Heights. Understand your rights, IEPs, and how to advocate for your child.",151,Parent Advocacy Guide for NYC District 06 Washington Heights,60,,,https://www.newyorkspecialed.net/districts/nyc-district-06-washington-heights/parent-advocacy-guide.html,200,5045,1133,2,1,1,40,0,70,,,,,0,0,0,0,0,0
20,https://www.newyorkspecialed.net/districts/freeport-ufsd/leadership-directory.html,200,text/html; charset=utf-8,true,Special Education Contacts: Freeport UFSD,41,"Direct phone numbers and emails for Freeport UFSD Committee on Special Education (CSE), CPSE, and leadership offices.",117,,,,,https://www.newyorkspecialed.net/districts/freeport-ufsd/leadership-directory.html,200,6447,1649,0,8,8,39,0,92,,,,,0,0,0,0,0,0
20,https://www.newyorkspecialed.net/districts/nyc-district-08-throgs-neck/parent-advocacy-guide.html,200,text/html; charset=utf-8,true,CSE Advocacy Guide for NYC District 08 Throgs Neck | NY Special Ed,66,"A parent's guide to special education in NYC District 08 Throgs Neck. Learn about CSE meetings, IEP advocacy, and your rights in NY.",132,Parent Advocacy Guide for NYC District 08 Throgs Neck,53,,,https://www.newyorkspecialed.net/districts/nyc-district-08-throgs-neck/parent-advocacy-guide.html,200,4753,1054,1,3,3,40,0,85,,,,,0,0,0,0,0,0
20,https://www.newyorkspecialed.net/districts/niagara-falls-city-sd/leadership-directory.html,200,text/html; charset=utf-8,true,Special Education Contacts: Niagara Falls City SD,49,"Direct phone numbers and emails for Niagara Falls City SD Committee on Special Education (CSE), CPSE, and leadership offices.",125,,,,,https://www.newyorkspecialed.net/districts/niagara-falls-city-sd/leadership-directory.html,200,6882,1771,0,8,8,39,0,95,,,,,0,0,0,0,0,0
20,https://www.newyorkspecialed.net/districts/white-plains-city-sd/parent-advocacy-guide.html,200,text/html; charset=utf-8,true,CSE Advocacy Guide for White Plains City SD Parents | NY Special Ed,67,A guide for White Plains City SD parents navigating CSE meetings and IEPs. Learn about your rights and how to advocate for your child's special education needs.,160,Parent Advocacy Guide for White Plains City SD,46,,,https://www.newyorkspecialed.net/districts/white-plains-city-sd/parent-advocacy-guide.html,200,5130,1134,1,3,3,40,0,38,,,,,0,0,0,0,0,0
20,https://www.newyorkspecialed.net/districts/hempstead-ufsd/leadership-directory.html,200,text/html; charset=utf-8,true,Special Education Contacts: Hempstead UFSD,42,"Direct phone numbers and emails for Hempstead UFSD Committee on Special Education (CSE), CPSE, and leadership offices.",118,,,,,https://www.newyorkspecialed.net/districts/hempstead-ufsd/leadership-directory.html,200,6757,1790,0,8,8,39,1,55,,,,,0,0,0,0,0,0
20,https://www.newyorkspecialed.net/districts/nyc-district-09-grand-concourse/,200,text/html; charset=utf-8,true,District 9 Special Education Hub | newyorkspecialed.net,55,"Complete guide to Special Education in District 9. Contacts, CSE meetings, evaluation timelines, and parent rights.",115,District 9 Special Ed Hub,25,,,https://www.newyorkspecialed.net/districts/nyc-district-09-grand-concourse/,200,7954,2050,0,1,1,41,0,37,,,,,0,0,0,0,0,0
20,https://www.newyorkspecialed.net/districts/utica-city-sd/special-ed-updates.html,200,text/html; charset=utf-8,true,Utica City SD Special Education: Essential Parent Intel & Updates,65,"Stay ahead of Utica City SD special education changes. Get critical news, trends, and advocacy strategies before your child's next CSE meeting.",143,Utica City SD Special Education: Parent Intel,45,,,https://www.newyorkspecialed.net/districts/utica-city-sd/special-ed-updates.html,200,6658,1348,1,8,8,40,0,81,,,,,0,0,0,0,0,0
20,https://www.newyorkspecialed.net/districts/brentwood-ufsd/evaluation-process.html,200,text/html; charset=utf-8,true,Requesting an Evaluation in Brentwood UFSD,42,Step-by-step guide to the 60-day special education evaluation timeline in Brentwood UFSD.,89,Requesting a Special Education Evaluation,41,,,https://www.newyorkspecialed.net/districts/brentwood-ufsd/evaluation-process.html,200,10772,3288,0,8,8,39,0,60,,,,,0,0,0,0,0,0
20,https://www.newyorkspecialed.net/districts/poughkeepsie-city-sd/special-ed-updates.html,200,text/html; charset=utf-8,true,Poughkeepsie City SD Special Education: Essential Parent Intel & Updates,72,"Stay ahead of Poughkeepsie City SD special education changes. Get critical news, trends, and advocacy strategies before your child's next CSE meeting.",150,Poughkeepsie City SD Special Education: Parent Intel,52,,,https://www.newyorkspecialed.net/districts/poughkeepsie-city-sd/special-ed-updates.html,200,6471,1303,1,8,8,40,0,74,,,,,0,0,0,0,0,0
20,https://www.newyorkspecialed.net/districts/nyc-district-15-park-slope/parent-advocacy-guide.html,200,text/html; charset=utf-8,true,CSE Advocacy Guide for NYC District 15 Park Slope Parents | NY Special Ed,73,"A guide for NYC District 15 Park Slope parents on navigating CSE meetings, understanding parent rights, and IEP advocacy. Find the support you need!",148,Parent Advocacy Guide for NYC District 15 Park Slope,52,,,https://www.newyorkspecialed.net/districts/nyc-district-15-park-slope/parent-advocacy-guide.html,200,4821,1054,2,1,1,40,0,58,,,,,0,0,0,0,0,0
20,https://www.newyorkspecialed.net/districts/nyc-district-75/special-ed-updates.html,200,text/html; charset=utf-8,true,District 75 Special Education: Essential Parent Intel & Updates,63,"Stay ahead of District 75 special education changes. Get critical news, trends, and advocacy strategies before your child's next CSE meeting.",141,District 75 Special Education: Parent Intel,43,,,https://www.newyorkspecialed.net/districts/nyc-district-75/special-ed-updates.html,200,6463,1208,1,9,9,40,0,83,,,,,0,0,0,0,0,0
20,https://www.newyorkspecialed.net/districts/nyc-district-28-forest-hills/special-ed-updates.html,200,text/html; charset=utf-8,true,District 28 Special Education: Essential Parent Intel & Updates,63,"Stay ahead of District 28 special education changes. Get critical news, trends, and advocacy strategies before your child's next CSE meeting.",141,District 28 Special Education: Parent Intel,43,,,https://www.newyorkspecialed.net/districts/nyc-district-28-forest-hills/special-ed-updates.html,200,6442,1228,1,8,8,40,0,51,,,,,0,0,0,0,0,0
20,https://www.newyorkspecialed.net/districts/nyc-district-26-bayside/special-ed-updates.html,200,text/html; charset=utf-8,true,District 26 Special Education: Essential Parent Intel & Updates,63,"Stay ahead of District 26 special education changes. Get critical news, trends, and advocacy strategies before your child's next CSE meeting.",141,District 26 Special Education: Parent Intel,43,,,https://www.newyorkspecialed.net/districts/nyc-district-26-bayside/special-ed-updates.html,200,6713,1304,1,9,9,40,0,74,,,,,0,0,0,0,0,0
20,https://www.newyorkspecialed.net/districts/nyc-district-21-coney-island/leadership-directory.html,200,text/html; charset=utf-8,true,Special Education Contacts: District 21,39,"Direct phone numbers and emails for District 21 Committee on Special Education (CSE), CPSE, and leadership offices.",115,,,,,https://www.newyorkspecialed.net/districts/nyc-district-21-coney-island/leadership-directory.html,200,6753,1814,0,8,8,39,0,70,,,,,0,0,0,0,0,0
20,https://www.newyorkspecialed.net/districts/nyc-district-19-east-new-york/special-ed-updates.html,200,text/html; charset=utf-8,true,District 19 Special Education: Essential Parent Intel & Updates,63,"Stay ahead of District 19 special education changes. Get critical news, trends, and advocacy strategies before your child's next CSE meeting.",141,District 19 Special Education: Parent Intel,43,,,https://www.newyorkspecialed.net/districts/nyc-district-19-east-new-york/special-ed-updates.html,200,6210,1155,1,8,8,40,0,100,,,,,0,0,0,0,0,0
20,https://www.newyorkspecialed.net/districts/nyc-district-28-forest-hills/discipline-rights.html,200,text/html; charset=utf-8,true,Student Discipline Rights in District 28,40,"Suspension, MDR, and discipline rights for students with disabilities in District 28.",85,Discipline Rights & the Manifestation Determination Review,58,,,https://www.newyorkspecialed.net/districts/nyc-district-28-forest-hills/discipline-rights.html,200,8566,2112,0,8,8,39,0,69,,,,,0,0,0,0,0,0
20,https://www.newyorkspecialed.net/districts/nyc-district-23-brownsville/parent-advocacy-guide.html,200,text/html; charset=utf-8,true,CSE Advocacy Guide for NYC District 23 Brownsville | NY Special Ed,66,"Advocacy guide for NYC District 23 Brownsville parents. Learn about CSE meetings, IEPs, parent rights, and how to advocate for your child's special education needs.",164,Parent Advocacy Guide for NYC District 23 Brownsville,53,,,https://www.newyorkspecialed.net/districts/nyc-district-23-brownsville/parent-advocacy-guide.html,200,4657,1000,1,3,3,40,0,83,,,,,0,0,0,0,0,0
20,https://www.newyorkspecialed.net/districts/greece-csd/parent-advocacy-guide.html,200,text/html; charset=utf-8,true,CSE Advocacy Guide for Greece CSD Parents | NY Special Ed,57,"A guide for Greece CSD special education parents. Learn about your IEP rights, the CSE process in Greece, and how to advocate effectively for your child.",153,Parent Advocacy Guide for Greece CSD,36,,,https://www.newyorkspecialed.net/districts/greece-csd/parent-advocacy-guide.html,200,3216,813,2,3,3,7,0,43,,,,,0,0,0,0,0,0
20,https://www.newyorkspecialed.net/districts/newburgh-enlarged-city-sd/special-ed-updates.html,200,text/html; charset=utf-8,true,Newburgh Enlarged City SD Special Education: Essential Parent Intel & Updates,77,"Stay ahead of Newburgh Enlarged City SD special education changes. Get critical news, trends, and advocacy strategies before your child's next CSE meeting.",155,Newburgh Enlarged City SD Special Education: Parent Intel,57,,,https://www.newyorkspecialed.net/districts/newburgh-enlarged-city-sd/special-ed-updates.html,200,6462,1260,1,8,8,40,0,66,,,,,0,0,0,0,0,0
20,https://www.newyorkspecialed.net/districts/nyc-district-11-pelham-parkway/parent-advocacy-guide.html,200,text/html; charset=utf-8,true,CSE Advocacy Guide for NYC District 11 Pelham Parkway Parents | NY Special Ed,77,"A comprehensive guide for NYC District 11 Pelham Parkway parents on navigating CSE meetings, understanding parent rights, and advocating for your child's IEP.",158,Parent Advocacy Guide for NYC District 11 Pelham Parkway,56,,,https://www.newyorkspecialed.net/districts/nyc-district-11-pelham-parkway/parent-advocacy-guide.html,200,5223,1201,1,3,3,40,0,60,,,,,0,0,0,0,0,0
20,https://www.newyorkspecialed.net/districts/albany-city-sd/,200,text/html; charset=utf-8,true,Albany City SD Special Education Hub | newyorkspecialed.net,59,"Complete guide to Special Education in Albany City SD. Contacts, CSE meetings, evaluation timelines, and parent rights.",119,Albany City SD Special Ed Hub,29,,,https://www.newyorkspecialed.net/districts/albany-city-sd/,200,8722,2307,0,1,1,41,0,14,,,,,0,0,0,0,0,0
20,https://www.newyorkspecialed.net/districts/nyc-district-07-south-bronx/partners.html,200,text/html; charset=utf-8,true,Special Education Providers & Support in NYC District 07 South Bronx | NY Special Ed,84,"Navigate special education in NYC District 07, South Bronx. Learn about CSE meetings, IEPs, and your rights. Connect with local advocates for support in the Bronx.",163,Special Education Providers in NYC District 07 South Bronx,58,,,https://www.newyorkspecialed.net/districts/nyc-district-07-south-bronx/partners.html,200,5299,862,1,8,8,40,9,65,,,,,0,0,0,0,0,0
20,https://www.newyorkspecialed.net/districts/nyc-district-04-east-harlem/,200,text/html; charset=utf-8,true,District 4 Special Education Hub | newyorkspecialed.net,55,"Complete guide to Special Education in District 4. Contacts, CSE meetings, evaluation timelines, and parent rights.",115,District 4 Special Ed Hub,25,,,https://www.newyorkspecialed.net/districts/nyc-district-04-east-harlem/,200,8135,2040,0,1,1,41,0,15,,,,,0,0,0,0,0,0
20,https://www.newyorkspecialed.net/districts/central-islip-ufsd/,200,text/html; charset=utf-8,true,Central Islip UFSD Special Education Hub | newyorkspecialed.net,63,"Complete guide to Special Education in Central Islip UFSD. Contacts, CSE meetings, evaluation timelines, and parent rights.",123,Central Islip UFSD Special Ed Hub,33,,,https://www.newyorkspecialed.net/districts/central-islip-ufsd/,200,7435,1761,0,1,1,41,0,43,,,,,0,0,0,0,0,0
20,https://www.newyorkspecialed.net/guides/evaluation-request-ny/,200,text/html; charset=utf-8,true,How to Request a Special Ed Evaluation in NY | newyorkspecialed.net,67,,,"How to Request a Special Ed Evaluation in NY
Requesting an Initial Special Education Evaluation in New York: Your Actionable Guide","44
85",,,https://www.newyorkspecialed.net/guides/evaluation-request-ny/,200,8593,1682,0,1,1,35,0,34,,,,,0,0,0,0,0,0
20,https://www.newyorkspecialed.net/districts/nyc-district-21-coney-island/discipline-rights.html,200,text/html; charset=utf-8,true,Student Discipline Rights in District 21,40,"Suspension, MDR, and discipline rights for students with disabilities in District 21.",85,Discipline Rights & the Manifestation Determination Review,58,,,https://www.newyorkspecialed.net/districts/nyc-district-21-coney-island/discipline-rights.html,200,8639,2293,0,8,8,39,0,84,,,,,0,0,0,0,0,0
20,https://www.newyorkspecialed.net/districts/nyc-district-75/,200,text/html; charset=utf-8,true,District 75 Special Education Hub | newyorkspecialed.net,56,"Complete guide to Special Education in District 75. Contacts, CSE meetings, evaluation timelines, and parent rights.",116,District 75 Special Ed Hub,26,,,https://www.newyorkspecialed.net/districts/nyc-district-75/,200,7987,1973,0,1,1,41,0,17,,,,,0,0,0,0,0,0
20,https://www.newyorkspecialed.net/districts/albany-city-sd/evaluation-process.html,200,text/html; charset=utf-8,true,Requesting an Evaluation in Albany City SD,42,Step-by-step guide to the 60-day special education evaluation timeline in Albany City SD.,89,Requesting a Special Education Evaluation,41,,,https://www.newyorkspecialed.net/districts/albany-city-sd/evaluation-process.html,200,9236,2463,0,9,9,39,0,74,,,,,0,0,0,0,0,0
20,https://www.newyorkspecialed.net/districts/nyc-district-14-williamsburg/parent-advocacy-guide.html,200,text/html; charset=utf-8,true,CSE Advocacy Guide for NYC District 14 Williamsburg Parents | NY Special Ed,75,"Your guide to special education in NYC District 14 Williamsburg. Learn about CSE meetings, IEPs, parent rights, and advocacy tips for your child.",145,Parent Advocacy Guide for NYC District 14 Williamsburg,54,,,https://www.newyorkspecialed.net/districts/nyc-district-14-williamsburg/parent-advocacy-guide.html,200,4859,1065,1,3,3,40,0,76,,,,,0,0,0,0,0,0
20,https://www.newyorkspecialed.net/districts/nyc-district-04-east-harlem/evaluation-process.html,200,text/html; charset=utf-8,true,Requesting an Evaluation in District 4,38,Step-by-step guide to the 60-day special education evaluation timeline in District 4.,85,Requesting a Special Education Evaluation,41,,,https://www.newyorkspecialed.net/districts/nyc-district-04-east-harlem/evaluation-process.html,200,11063,3407,0,9,9,39,0,57,,,,,0,0,0,0,0,0
20,https://www.newyorkspecialed.net/districts/nyc-district-08-throgs-neck/evaluation-process.html,200,text/html; charset=utf-8,true,Requesting an Evaluation in District 8,38,Step-by-step guide to the 60-day special education evaluation timeline in District 8.,85,Requesting a Special Education Evaluation,41,,,https://www.newyorkspecialed.net/districts/nyc-district-08-throgs-neck/evaluation-process.html,200,10878,3298,0,8,8,39,0,50,,,,,0,0,0,0,0,0
20,https://www.newyorkspecialed.net/districts/nyc-district-02-upper-east-side/discipline-rights.html,200,text/html; charset=utf-8,true,Student Discipline Rights in District 2,39,"Suspension, MDR, and discipline rights for students with disabilities in District 2.",84,Discipline Rights & the Manifestation Determination Review,58,,,https://www.newyorkspecialed.net/districts/nyc-district-02-upper-east-side/discipline-rights.html,200,9410,2635,0,9,9,39,0,43,,,,,0,0,0,0,0,0
20,https://www.newyorkspecialed.net/districts/mount-vernon-city-sd/leadership-directory.html,200,text/html; charset=utf-8,true,Special Education Contacts: Mount Vernon City SD,48,"Direct phone numbers and emails for Mount Vernon City SD Committee on Special Education (CSE), CPSE, and leadership offices.",124,,,,,https://www.newyorkspecialed.net/districts/mount-vernon-city-sd/leadership-directory.html,200,6683,1754,0,8,8,39,0,36,,,,,0,0,0,0,0,0
20,https://www.newyorkspecialed.net/districts/william-floyd-ufsd/partners.html,200,text/html; charset=utf-8,true,Special Education Providers & Support in William Floyd UFSD | NY Special Ed,75,"Navigate special education in William Floyd UFSD. Understand CSE meetings, IEPs, and your rights. Find resources and local advocates for your child's success.",158,Special Education Providers in William Floyd UFSD,49,,,https://www.newyorkspecialed.net/districts/william-floyd-ufsd/partners.html,200,5283,815,1,8,8,40,9,63,,,,,0,0,0,0,0,0
20,https://www.newyorkspecialed.net/districts/nyc-district-26-bayside/leadership-directory.html,200,text/html; charset=utf-8,true,Special Education Contacts: District 26,39,"Direct phone numbers and emails for District 26 Committee on Special Education (CSE), CPSE, and leadership offices.",115,,,,,https://www.newyorkspecialed.net/districts/nyc-district-26-bayside/leadership-directory.html,200,6316,1544,0,9,9,39,0,49,,,,,0,0,0,0,0,0
20,https://www.newyorkspecialed.net/districts/nyc-district-20-bay-ridge/discipline-rights.html,200,text/html; charset=utf-8,true,Student Discipline Rights in District 20,40,"Suspension, MDR, and discipline rights for students with disabilities in District 20.",85,Discipline Rights & the Manifestation Determination Review,58,,,https://www.newyorkspecialed.net/districts/nyc-district-20-bay-ridge/discipline-rights.html,200,8474,2247,0,9,9,39,0,47,,,,,0,0,0,0,0,0
20,https://www.newyorkspecialed.net/districts/nyc-district-22-midwood/cse-meeting-guide.html,200,text/html; charset=utf-8,true,CSE Meeting Guide for District 22,33,"Prepare for your Committee on Special Education meeting in District 22. Tips for Large Orthodox community CPSE, high-performing schools+IEP, ASD services.",154,Who Must Be in the Room,23,,,https://www.newyorkspecialed.net/districts/nyc-district-22-midwood/cse-meeting-guide.html,200,9163,2429,0,9,9,39,0,40,,,,,0,0,0,0,0,0
20,https://www.newyorkspecialed.net/districts/nyc-district-17-crown-heights/special-ed-updates.html,200,text/html; charset=utf-8,true,District 17 Special Education: Essential Parent Intel & Updates,63,"Stay ahead of District 17 special education changes. Get critical news, trends, and advocacy strategies before your child's next CSE meeting.",141,District 17 Special Education: Parent Intel,43,,,https://www.newyorkspecialed.net/districts/nyc-district-17-crown-heights/special-ed-updates.html,200,6510,1242,1,8,8,40,0,117,,,,,0,0,0,0,0,0
20,https://www.newyorkspecialed.net/districts/nyc-district-06-washington-heights/,200,text/html; charset=utf-8,true,District 6 Special Education Hub | newyorkspecialed.net,55,"Complete guide to Special Education in District 6. Contacts, CSE meetings, evaluation timelines, and parent rights.",115,District 6 Special Ed Hub,25,,,https://www.newyorkspecialed.net/districts/nyc-district-06-washington-heights/,200,7446,1682,0,1,1,41,0,20,,,,,0,0,0,0,0,0
20,https://www.newyorkspecialed.net/districts/nyc-district-30-astoria/leadership-directory.html,200,text/html; charset=utf-8,true,Special Education Contacts: District 30,39,"Direct phone numbers and emails for District 30 Committee on Special Education (CSE), CPSE, and leadership offices.",115,,,,,https://www.newyorkspecialed.net/districts/nyc-district-30-astoria/leadership-directory.html,200,7106,1944,0,9,9,39,0,50,,,,,0,0,0,0,0,0
20,https://www.newyorkspecialed.net/districts/sachem-csd/,200,text/html; charset=utf-8,true,Special Education Resources — Sachem CSD | NY Special Ed,56,"Navigate Sachem CSD's special education system with confidence. Learn about the CSE process, IEPs, parent rights, and available resources in Suffolk County.",156,Special Education Resources in Sachem CSD,41,,,https://www.newyorkspecialed.net/districts/sachem-csd/,200,2118,300,2,0,0,8,0,80,,,,,0,0,0,0,0,0
20,https://www.newyorkspecialed.net/districts/central-islip-ufsd/parent-advocacy-guide.html,200,text/html; charset=utf-8,true,CSE Advocacy Guide for Central Islip UFSD Parents | NY Special Ed,65,"Navigate the special education process in Central Islip UFSD. Learn about CSE meetings, IEPs, parent rights, and how to advocate for your child's needs in NY.",158,Parent Advocacy Guide for Central Islip UFSD,44,,,https://www.newyorkspecialed.net/districts/central-islip-ufsd/parent-advocacy-guide.html,200,4766,1006,1,3,3,40,0,38,,,,,0,0,0,0,0,0
20,https://www.newyorkspecialed.net/districts/nys-overview/,200,text/html; charset=utf-8,true,Districts | NY Special Education Resources,42,,,Districts,9,,,https://www.newyorkspecialed.net/districts/nys-overview/,200,3280,263,1,0,0,36,0,18,,,,,0,0,0,0,0,0
20,https://www.newyorkspecialed.net/districts/nyc-district-10-riverdale/evaluation-process.html,200,text/html; charset=utf-8,true,Requesting an Evaluation in District 10,39,Step-by-step guide to the 60-day special education evaluation timeline in District 10.,86,Requesting a Special Education Evaluation,41,,,https://www.newyorkspecialed.net/districts/nyc-district-10-riverdale/evaluation-process.html,200,8950,2393,0,8,8,39,0,75,,,,,0,0,0,0,0,0
20,https://www.newyorkspecialed.net/districts/rochester-city-sd/special-ed-updates.html,200,text/html; charset=utf-8,true,Rochester City SD Special Education: Essential Parent Intel & Updates,69,"Stay ahead of Rochester City SD special education changes. Get critical news, trends, and advocacy strategies before your child's next CSE meeting.",147,Rochester City SD Special Education: Parent Intel,49,,,https://www.newyorkspecialed.net/districts/rochester-city-sd/special-ed-updates.html,200,6479,1267,1,9,9,40,0,47,,,,,0,0,0,0,0,0
20,https://www.newyorkspecialed.net/districts/mount-vernon-city-sd/cse-meeting-guide.html,200,text/html; charset=utf-8,true,CSE Meeting Guide for Mount Vernon City SD,42,"Prepare for your Committee on Special Education meeting in Mount Vernon City SD. Tips for 63% high needs, close to NYC, Westchester advocacy resources.",151,Who Must Be in the Room,23,,,https://www.newyorkspecialed.net/districts/mount-vernon-city-sd/cse-meeting-guide.html,200,9478,2566,0,8,8,39,0,66,,,,,0,0,0,0,0,0
20,https://www.newyorkspecialed.net/districts/freeport-ufsd/discipline-rights.html,200,text/html; charset=utf-8,true,Student Discipline Rights in Freeport UFSD,42,"Suspension, MDR, and discipline rights for students with disabilities in Freeport UFSD.",87,Discipline Rights & the Manifestation Determination Review,58,,,https://www.newyorkspecialed.net/districts/freeport-ufsd/discipline-rights.html,200,8739,2119,0,8,8,39,0,40,,,,,0,0,0,0,0,0
20,https://www.newyorkspecialed.net/districts/rochester-city-sd/cse-meeting-guide.html,200,text/html; charset=utf-8,true,CSE Meeting Guide for Rochester City SD,39,"Prepare for your Committee on Special Education meeting in Rochester City SD. Tips for Highest needs in state (90%), evaluation advocacy, related services gaps.",160,Who Must Be in the Room,23,,,https://www.newyorkspecialed.net/districts/rochester-city-sd/cse-meeting-guide.html,200,9645,2794,0,9,9,39,0,57,,,,,0,0,0,0,0,0
20,https://www.newyorkspecialed.net/districts/nyc-district-04-east-harlem/discipline-rights.html,200,text/html; charset=utf-8,true,Student Discipline Rights in District 4,39,"Suspension, MDR, and discipline rights for students with disabilities in District 4.",84,Discipline Rights & the Manifestation Determination Review,58,,,https://www.newyorkspecialed.net/districts/nyc-district-04-east-harlem/discipline-rights.html,200,8228,2138,0,9,9,39,0,53,,,,,0,0,0,0,0,0
20,https://www.newyorkspecialed.net/districts/nyc-district-79/discipline-rights.html,200,text/html; charset=utf-8,true,Student Discipline Rights in District 79,40,"Suspension, MDR, and discipline rights for students with disabilities in District 79.",85,Discipline Rights & the Manifestation Determination Review,58,,,https://www.newyorkspecialed.net/districts/nyc-district-79/discipline-rights.html,200,8484,2190,0,8,8,39,0,46,,,,,0,0,0,0,0,0
20,https://www.newyorkspecialed.net/districts/nyc-district-32-bushwick/leadership-directory.html,200,text/html; charset=utf-8,true,Special Education Contacts: District 32,39,"Direct phone numbers and emails for District 32 Committee on Special Education (CSE), CPSE, and leadership offices.",115,,,,,https://www.newyorkspecialed.net/districts/nyc-district-32-bushwick/leadership-directory.html,200,6588,1659,0,8,8,39,0,86,,,,,0,0,0,0,0,0
20,https://www.newyorkspecialed.net/districts/nyc-district-26-bayside/discipline-rights.html,200,text/html; charset=utf-8,true,Student Discipline Rights in District 26,40,"Suspension, MDR, and discipline rights for students with disabilities in District 26.",85,Discipline Rights & the Manifestation Determination Review,58,,,https://www.newyorkspecialed.net/districts/nyc-district-26-bayside/discipline-rights.html,200,8363,2219,0,9,9,39,0,96,,,,,0,0,0,0,0,0
20,https://www.newyorkspecialed.net/districts/buffalo-city-sd/,200,text/html; charset=utf-8,true,Buffalo City SD Special Education Hub | newyorkspecialed.net,60,"Complete guide to Special Education in Buffalo City SD. Contacts, CSE meetings, evaluation timelines, and parent rights.",120,Buffalo City SD Special Ed Hub,30,,,https://www.newyorkspecialed.net/districts/buffalo-city-sd/,200,8716,2347,0,1,1,41,0,39,,,,,0,0,0,0,0,0
20,https://www.newyorkspecialed.net/districts/nyc-district-17-crown-heights/,200,text/html; charset=utf-8,true,District 17 Special Education Hub | newyorkspecialed.net,56,"Complete guide to Special Education in District 17. Contacts, CSE meetings, evaluation timelines, and parent rights.",116,District 17 Special Ed Hub,26,,,https://www.newyorkspecialed.net/districts/nyc-district-17-crown-heights/,200,7736,1929,0,1,1,41,0,59,,,,,0,0,0,0,0,0
20,https://www.newyorkspecialed.net/districts/nyc-district-27-rockaway/special-ed-updates.html,200,text/html; charset=utf-8,true,District 27 Special Education: Essential Parent Intel & Updates,63,"Stay ahead of District 27 special education changes. Get critical news, trends, and advocacy strategies before your child's next CSE meeting.",141,District 27 Special Education: Parent Intel,43,,,https://www.newyorkspecialed.net/districts/nyc-district-27-rockaway/special-ed-updates.html,200,6421,1230,1,8,8,40,0,82,,,,,0,0,0,0,0,0
20,https://www.newyorkspecialed.net/districts/nyc-district-28-forest-hills/leadership-directory.html,200,text/html; charset=utf-8,true,Special Education Contacts: District 28,39,"Direct phone numbers and emails for District 28 Committee on Special Education (CSE), CPSE, and leadership offices.",115,,,,,https://www.newyorkspecialed.net/districts/nyc-district-28-forest-hills/leadership-directory.html,200,6234,1553,0,8,8,39,0,44,,,,,0,0,0,0,0,0
20,https://www.newyorkspecialed.net/districts/greece-csd/,200,text/html; charset=utf-8,true,Special Education Resources — Greece CSD | NY Special Ed,56,Navigating special education in Greece CSD can be challenging. Understand your rights in the CSE process. Get support and resources for your child's IEP.,153,Special Education Resources in Greece CSD,41,,,https://www.newyorkspecialed.net/districts/greece-csd/,200,2120,310,2,0,0,8,0,48,,,,,0,0,0,0,0,0
20,https://www.newyorkspecialed.net/districts/nyc-district-08-throgs-neck/leadership-directory.html,200,text/html; charset=utf-8,true,Special Education Contacts: District 8,38,"Direct phone numbers and emails for District 8 Committee on Special Education (CSE), CPSE, and leadership offices.",114,,,,,https://www.newyorkspecialed.net/districts/nyc-district-08-throgs-neck/leadership-directory.html,200,6583,1646,0,8,8,39,0,41,,,,,0,0,0,0,0,0
20,https://www.newyorkspecialed.net/districts/nyc-district-11-pelham-parkway/leadership-directory.html,200,text/html; charset=utf-8,true,Special Education Contacts: District 11,39,"Direct phone numbers and emails for District 11 Committee on Special Education (CSE), CPSE, and leadership offices.",115,,,,,https://www.newyorkspecialed.net/districts/nyc-district-11-pelham-parkway/leadership-directory.html,200,6414,1604,0,8,8,39,0,42,,,,,0,0,0,0,0,0
20,https://www.newyorkspecialed.net/districts/nyc-district-12-soundview/special-ed-updates.html,200,text/html; charset=utf-8,true,District 12 Special Education: Essential Parent Intel & Updates,63,"Stay ahead of District 12 special education changes. Get critical news, trends, and advocacy strategies before your child's next CSE meeting.",141,District 12 Special Education: Parent Intel,43,,,https://www.newyorkspecialed.net/districts/nyc-district-12-soundview/special-ed-updates.html,200,6730,1310,1,8,8,40,0,61,,,,,0,0,0,0,0,0
20,https://www.newyorkspecialed.net/districts/william-floyd-ufsd/special-ed-updates.html,200,text/html; charset=utf-8,true,William Floyd UFSD Special Education: Essential Parent Intel & Updates,70,"Stay ahead of William Floyd UFSD special education changes. Get critical news, trends, and advocacy strategies before your child's next CSE meeting.",148,William Floyd UFSD Special Education: Parent Intel,50,,,https://www.newyorkspecialed.net/districts/william-floyd-ufsd/special-ed-updates.html,200,6951,1426,1,8,8,40,0,57,,,,,0,0,0,0,0,0
20,https://www.newyorkspecialed.net/districts/east-ramapo-csd/partners.html,200,text/html; charset=utf-8,true,Special Education Providers & Support — East Ramapo CSD | NY Special Ed,71,"Find special education advocates and providers for East Ramapo CSD. Get help navigating CSE meetings, IEPs, and special education rights in Rockland County.",156,Special Education Providers in East Ramapo CSD,46,,,https://www.newyorkspecialed.net/districts/east-ramapo-csd/partners.html,200,3482,618,2,8,8,8,8,42,,,,,0,0,0,0,0,0
20,https://www.newyorkspecialed.net/styles/styles-nav-footer.css,200,text/css; charset=utf-8,false,,,,,,,,,,,2067,0,1,0,0,0,0,73,,,,,0,0,0,0,0,0
20,https://www.newyorkspecialed.net/districts/albany-city-sd/special-ed-updates.html,200,text/html; charset=utf-8,true,Albany City SD Special Education: Essential Parent Intel & Updates,66,"Stay ahead of Albany City SD special education changes. Get critical news, trends, and advocacy strategies before your child's next CSE meeting.",144,Albany City SD Special Education: Parent Intel,46,,,https://www.newyorkspecialed.net/districts/albany-city-sd/special-ed-updates.html,200,6418,1297,1,9,9,40,0,60,,,,,0,0,0,0,0,0
20,https://www.newyorkspecialed.net/districts/nyc-district-31-staten-island/leadership-directory.html,200,text/html; charset=utf-8,true,Special Education Contacts: District 31,39,"Direct phone numbers and emails for District 31 Committee on Special Education (CSE), CPSE, and leadership offices.",115,,,,,https://www.newyorkspecialed.net/districts/nyc-district-31-staten-island/leadership-directory.html,200,6345,1555,0,9,9,39,0,55,,,,,0,0,0,0,0,0
20,https://www.newyorkspecialed.net/districts/nyc-district-30-astoria/discipline-rights.html,200,text/html; charset=utf-8,true,Student Discipline Rights in District 30,40,"Suspension, MDR, and discipline rights for students with disabilities in District 30.",85,Discipline Rights & the Manifestation Determination Review,58,,,https://www.newyorkspecialed.net/districts/nyc-district-30-astoria/discipline-rights.html,200,8936,2409,0,9,9,39,0,53,,,,,0,0,0,0,0,0
20,https://www.newyorkspecialed.net/districts/nyc-district-16-bed-stuy/special-ed-updates.html,200,text/html; charset=utf-8,true,District 16 Special Education: Essential Parent Intel & Updates,63,"Stay ahead of District 16 special education changes. Get critical news, trends, and advocacy strategies before your child's next CSE meeting.",141,District 16 Special Education: Parent Intel,43,,,https://www.newyorkspecialed.net/districts/nyc-district-16-bed-stuy/special-ed-updates.html,200,6603,1314,1,8,8,40,0,53,,,,,0,0,0,0,0,0
20,https://www.newyorkspecialed.net/districts/yonkers-city-sd/,200,text/html; charset=utf-8,true,Yonkers City SD Special Education Hub | newyorkspecialed.net,60,"Complete guide to Special Education in Yonkers City SD. Contacts, CSE meetings, evaluation timelines, and parent rights.",120,Yonkers City SD Special Ed Hub,30,,,https://www.newyorkspecialed.net/districts/yonkers-city-sd/,200,7459,1697,0,1,1,41,0,20,,,,,0,0,0,0,0,0
20,https://www.newyorkspecialed.net/districts/nyc-district-21-coney-island/cse-meeting-guide.html,200,text/html; charset=utf-8,true,CSE Meeting Guide for District 21,33,"Prepare for your Committee on Special Education meeting in District 21. Tips for Russian-speaking bilingual evaluations, D75 programs, beach community access.",158,Navigating Your CSE Meeting,27,,,https://www.newyorkspecialed.net/districts/nyc-district-21-coney-island/cse-meeting-guide.html,200,9990,2874,0,8,8,39,0,36,,,,,0,0,0,0,0,0
20,https://www.newyorkspecialed.net/districts/nyc-district-79/evaluation-process.html,200,text/html; charset=utf-8,true,Requesting an Evaluation in District 79,39,Step-by-step guide to the 60-day special education evaluation timeline in District 79.,86,Requesting a Special Education Evaluation,41,,,https://www.newyorkspecialed.net/districts/nyc-district-79/evaluation-process.html,200,10616,3167,0,8,8,39,0,44,,,,,0,0,0,0,0,0
20,https://www.newyorkspecialed.net/districts/nyc-district-27-rockaway/parent-advocacy-guide.html,200,text/html; charset=utf-8,true,CSE Advocacy Guide for NYC District 27 Rockaway Parents | NY Special Ed,71,"A parent's guide to CSE meetings, IEPs, & special education advocacy in NYC District 27 Rockaway. Learn about your rights & how to support your child.",150,Parent Advocacy Guide for NYC District 27 Rockaway,50,,,https://www.newyorkspecialed.net/districts/nyc-district-27-rockaway/parent-advocacy-guide.html,200,5042,1156,1,3,3,40,0,56,,,,,0,0,0,0,0,0
20,https://www.newyorkspecialed.net/districts/buffalo-city-sd/special-ed-updates.html,200,text/html; charset=utf-8,true,Buffalo City SD Special Education: Essential Parent Intel & Updates,67,"Stay ahead of Buffalo City SD special education changes. Get critical news, trends, and advocacy strategies before your child's next CSE meeting.",145,Buffalo City SD Special Education: Parent Intel,47,,,https://www.newyorkspecialed.net/districts/buffalo-city-sd/special-ed-updates.html,200,6468,1203,1,9,9,40,0,62,,,,,0,0,0,0,0,0
20,https://www.newyorkspecialed.net/districts/nyc-district-13-brooklyn-heights/leadership-directory.html,200,text/html; charset=utf-8,true,Special Education Contacts: District 13,39,"Direct phone numbers and emails for District 13 Committee on Special Education (CSE), CPSE, and leadership offices.",115,,,,,https://www.newyorkspecialed.net/districts/nyc-district-13-brooklyn-heights/leadership-directory.html,200,6610,1745,0,9,9,39,0,65,,,,,0,0,0,0,0,0
20,https://www.newyorkspecialed.net/districts/nyc-district-79/parent-advocacy-guide.html,200,text/html; charset=utf-8,true,CSE Advocacy Guide for NYC District 79 Parents | NY Special Ed,62,"A parent's guide to navigating CSE meetings & special education in NYC District 79. Understand your rights, IEPs, & advocate effectively for your child.",152,Parent Advocacy Guide for NYC District 79,41,,,https://www.newyorkspecialed.net/districts/nyc-district-79/parent-advocacy-guide.html,200,5060,1128,1,3,3,40,0,55,,,,,0,0,0,0,0,0
20,https://www.newyorkspecialed.net/districts/nyc-district-19-east-new-york/parent-advocacy-guide.html,200,text/html; charset=utf-8,true,CSE Advocacy Guide for NYC District 19 East New York Parents | NY Special Ed,76,A parent's guide to navigating CSE meetings and IEPs in NYC District 19 East New York. Learn about your rights and how to advocate for your child's special education.,166,Parent Advocacy Guide for NYC District 19 East New York,55,,,https://www.newyorkspecialed.net/districts/nyc-district-19-east-new-york/parent-advocacy-guide.html,200,4904,1096,1,3,3,40,0,61,,,,,0,0,0,0,0,0
20,https://www.newyorkspecialed.net/districts/greece-csd/special-ed-updates.html,200,text/html; charset=utf-8,true,Special Education Updates — Greece CSD | NY Special Ed,54,"Stay informed about special education in Greece CSD! Get the latest news, policy updates, and important information for families in the district.",145,Special Education Updates for Greece CSD,40,,,https://www.newyorkspecialed.net/districts/greece-csd/special-ed-updates.html,200,1798,289,2,8,8,6,2,40,,,,,0,0,0,0,0,0
20,https://www.newyorkspecialed.net/districts/hempstead-ufsd/partners.html,200,text/html; charset=utf-8,true,Special Education Providers & Support in Hempstead UFSD | NY Special Ed,71,"Navigating special education in Hempstead UFSD? Learn about CSE meetings, IEPs, and your rights. Find local resources and advocates for Hempstead students.",155,Special Education Providers in Hempstead UFSD,45,,,https://www.newyorkspecialed.net/districts/hempstead-ufsd/partners.html,200,5353,825,1,8,8,40,9,55,,,,,0,0,0,0,0,0
20,https://www.newyorkspecialed.net/districts/central-islip-ufsd/cse-meeting-guide.html,200,text/html; charset=utf-8,true,CSE Meeting Guide for Central Islip UFSD,40,"Prepare for your Committee on Special Education meeting in Central Islip UFSD. Tips for Bilingual (Spanish), high special ed %, evaluation timelines.",149,Navigating Your CSE Meeting,27,,,https://www.newyorkspecialed.net/districts/central-islip-ufsd/cse-meeting-guide.html,200,10344,2793,0,8,8,39,0,56,,,,,0,0,0,0,0,0
20,https://www.newyorkspecialed.net/districts/freeport-ufsd/evaluation-process.html,200,text/html; charset=utf-8,true,Requesting an Evaluation in Freeport UFSD,41,Step-by-step guide to the 60-day special education evaluation timeline in Freeport UFSD.,88,Requesting a Special Education Evaluation,41,,,https://www.newyorkspecialed.net/districts/freeport-ufsd/evaluation-process.html,200,11314,3517,0,8,8,39,0,73,,,,,0,0,0,0,0,0
20,https://www.newyorkspecialed.net/districts/sachem-csd/discipline-rights.html,200,text/html; charset=utf-8,true,Discipline Rights — Sachem CSD | NY Special Ed — Sachem CSD | NY Special Ed,75,"Understand your child's special education discipline rights in Sachem CSD. Learn about suspensions, IEPs, Manifestation Determination Reviews, and more.",152,Discipline Rights & Impartial Hearings in Sachem CSD,52,,,https://www.newyorkspecialed.net/districts/sachem-csd/discipline-rights.html,200,2960,761,2,8,8,6,0,45,,,,,0,0,0,0,0,0
20,https://www.newyorkspecialed.net/districts/nyc-district-28-forest-hills/cse-meeting-guide.html,200,text/html; charset=utf-8,true,CSE Meeting Guide for District 28,33,"Prepare for your Committee on Special Education meeting in District 28. Tips for Diverse multilingual evaluations, Indo-Caribbean bilingual, large district challenges.",167,Navigating Your CSE Meeting,27,,,https://www.newyorkspecialed.net/districts/nyc-district-28-forest-hills/cse-meeting-guide.html,200,8990,2357,0,8,8,39,0,144,,,,,0,0,0,0,0,0
20,https://www.newyorkspecialed.net/districts/nyc-district-03-upper-west-side/cse-meeting-guide.html,200,text/html; charset=utf-8,true,CSE Meeting Guide for District 3,32,"Prepare for your Committee on Special Education meeting in District 3. Tips for Inclusion programs, ASD Horizon programs, ICT classrooms.",137,Who Must Be in the Room,23,,,https://www.newyorkspecialed.net/districts/nyc-district-03-upper-west-side/cse-meeting-guide.html,200,10054,2909,0,9,9,39,0,44,,,,,0,0,0,0,0,0
20,https://www.newyorkspecialed.net/districts/nyc-district-14-williamsburg/,200,text/html; charset=utf-8,true,District 14 Special Education Hub | newyorkspecialed.net,56,"Complete guide to Special Education in District 14. Contacts, CSE meetings, evaluation timelines, and parent rights.",116,District 14 Special Ed Hub,26,,,https://www.newyorkspecialed.net/districts/nyc-district-14-williamsburg/,200,7754,1872,0,1,1,41,0,47,,,,,0,0,0,0,0,0
20,https://www.newyorkspecialed.net/districts/nyc-district-79/,200,text/html; charset=utf-8,true,District 79 Special Education Hub | newyorkspecialed.net,56,"Complete guide to Special Education in District 79. Contacts, CSE meetings, evaluation timelines, and parent rights.",116,District 79 Special Ed Hub,26,,,https://www.newyorkspecialed.net/districts/nyc-district-79/,200,7640,1849,0,1,1,41,0,83,,,,,0,0,0,0,0,0
20,https://www.newyorkspecialed.net/districts/rochester-city-sd/parent-advocacy-guide.html,200,text/html; charset=utf-8,true,CSE Advocacy Guide for Rochester City SD Parents | NY Special Ed,64,"A parent's guide to special education in Rochester City SD. Learn about CSE meetings, IEPs, parent rights, and effective strategies for advocating for your child.",162,Parent Advocacy Guide for Rochester City SD,43,,,https://www.newyorkspecialed.net/districts/rochester-city-sd/parent-advocacy-guide.html,200,5315,1262,2,1,1,40,0,46,,,,,0,0,0,0,0,0
20,https://www.newyorkspecialed.net/districts/niagara-falls-city-sd/discipline-rights.html,200,text/html; charset=utf-8,true,Student Discipline Rights in Niagara Falls City SD,50,"Suspension, MDR, and discipline rights for students with disabilities in Niagara Falls City SD.",95,Discipline Rights & the Manifestation Determination Review,58,,,https://www.newyorkspecialed.net/districts/niagara-falls-city-sd/discipline-rights.html,200,9067,2418,0,8,8,39,0,64,,,,,0,0,0,0,0,0
20,https://www.newyorkspecialed.net/districts/new-rochelle-city-sd/,200,text/html; charset=utf-8,true,New Rochelle City SD Special Education Hub | newyorkspecialed.net,65,"Complete guide to Special Education in New Rochelle City SD. Contacts, CSE meetings, evaluation timelines, and parent rights.",125,New Rochelle City SD Special Ed Hub,35,,,https://www.newyorkspecialed.net/districts/new-rochelle-city-sd/,200,7483,1843,0,1,1,41,0,48,,,,,0,0,0,0,0,0
20,https://www.newyorkspecialed.net/districts/poughkeepsie-city-sd/,200,text/html; charset=utf-8,true,Poughkeepsie City SD Special Education Hub | newyorkspecialed.net,65,"Complete guide to Special Education in Poughkeepsie City SD. Contacts, CSE meetings, evaluation timelines, and parent rights.",125,Poughkeepsie City SD Special Ed Hub,35,,,https://www.newyorkspecialed.net/districts/poughkeepsie-city-sd/,200,7498,1835,0,1,1,41,0,40,,,,,0,0,0,0,0,0
20,https://www.newyorkspecialed.net/districts/white-plains-city-sd/leadership-directory.html,200,text/html; charset=utf-8,true,Special Education Contacts: White Plains City SD,48,"Direct phone numbers and emails for White Plains City SD Committee on Special Education (CSE), CPSE, and leadership offices.",124,,,,,https://www.newyorkspecialed.net/districts/white-plains-city-sd/leadership-directory.html,200,6663,1753,0,8,8,39,0,43,,,,,0,0,0,0,0,0
20,https://www.newyorkspecialed.net/districts/hempstead-ufsd/special-ed-updates.html,200,text/html; charset=utf-8,true,Hempstead UFSD Special Education: Essential Parent Intel & Updates,66,"Stay ahead of Hempstead UFSD special education changes. Get critical news, trends, and advocacy strategies before your child's next CSE meeting.",144,Hempstead UFSD Special Education: Parent Intel,46,,,https://www.newyorkspecialed.net/districts/hempstead-ufsd/special-ed-updates.html,200,6173,1111,1,8,8,40,0,50,,,,,0,0,0,0,0,0
20,https://www.newyorkspecialed.net/districts/schenectady-city-sd/cse-meeting-guide.html,200,text/html; charset=utf-8,true,CSE Meeting Guide for Schenectady City SD,41,"Prepare for your Committee on Special Education meeting in Schenectady City SD. Tips for High needs, refugee families, bilingual evaluations, CSE advocacy.",155,Who Must Be in the Room,23,,,https://www.newyorkspecialed.net/districts/schenectady-city-sd/cse-meeting-guide.html,200,9673,2649,0,8,8,39,0,49,,,,,0,0,0,0,0,0
20,https://www.newyorkspecialed.net/districts/nyc-district-17-crown-heights/leadership-directory.html,200,text/html; charset=utf-8,true,Special Education Contacts: District 17,39,"Direct phone numbers and emails for District 17 Committee on Special Education (CSE), CPSE, and leadership offices.",115,,,,,https://www.newyorkspecialed.net/districts/nyc-district-17-crown-heights/leadership-directory.html,200,6543,1718,0,8,8,39,0,41,,,,,0,0,0,0,0,0
20,https://www.newyorkspecialed.net/districts/greece-csd/cse-meeting-guide.html,200,text/html; charset=utf-8,true,CSE Meeting Guide — Greece CSD | NY Special Ed — Greece CSD | NY Special Ed,75,A guide for Greece CSD special education parents navigating CSE meetings. Learn your rights and how to prepare for your child's IEP. Free information.,150,CSE Meeting Guide for Greece CSD Parents,40,,,https://www.newyorkspecialed.net/districts/greece-csd/cse-meeting-guide.html,200,3184,789,2,8,8,6,0,38,,,,,0,0,0,0,0,0
20,https://www.newyorkspecialed.net/districts/nyc-district-24-maspeth/special-ed-updates.html,200,text/html; charset=utf-8,true,District 24 Special Education: Essential Parent Intel & Updates,63,"Stay ahead of District 24 special education changes. Get critical news, trends, and advocacy strategies before your child's next CSE meeting.",141,District 24 Special Education: Parent Intel,43,,,https://www.newyorkspecialed.net/districts/nyc-district-24-maspeth/special-ed-updates.html,200,6290,1171,1,9,9,40,0,84,,,,,0,0,0,0,0,0
20,https://www.newyorkspecialed.net/districts/nyc-district-21-coney-island/,200,text/html; charset=utf-8,true,District 21 Special Education Hub | newyorkspecialed.net,56,"Complete guide to Special Education in District 21. Contacts, CSE meetings, evaluation timelines, and parent rights.",116,District 21 Special Ed Hub,26,,,https://www.newyorkspecialed.net/districts/nyc-district-21-coney-island/,200,7689,1902,0,1,1,41,0,75,,,,,0,0,0,0,0,0
20,https://www.newyorkspecialed.net/districts/nyc-district-20-bay-ridge/special-ed-updates.html,200,text/html; charset=utf-8,true,District 20 Special Education: Essential Parent Intel & Updates,63,"Stay ahead of District 20 special education changes. Get critical news, trends, and advocacy strategies before your child's next CSE meeting.",141,District 20 Special Education: Parent Intel,43,,,https://www.newyorkspecialed.net/districts/nyc-district-20-bay-ridge/special-ed-updates.html,200,6524,1240,1,9,9,40,0,47,,,,,0,0,0,0,0,0
20,https://www.newyorkspecialed.net/districts/nyc-district-25-flushing/leadership-directory.html,200,text/html; charset=utf-8,true,Special Education Contacts: District 25,39,"Direct phone numbers and emails for District 25 Committee on Special Education (CSE), CPSE, and leadership offices.",115,,,,,https://www.newyorkspecialed.net/districts/nyc-district-25-flushing/leadership-directory.html,200,6511,1641,0,8,8,39,0,65,,,,,0,0,0,0,0,0
20,https://www.newyorkspecialed.net/districts/nyc-district-75/discipline-rights.html,200,text/html; charset=utf-8,true,Student Discipline Rights in District 75,40,"Suspension, MDR, and discipline rights for students with disabilities in District 75.",85,Discipline Rights & the Manifestation Determination Review,58,,,https://www.newyorkspecialed.net/districts/nyc-district-75/discipline-rights.html,200,9726,2748,0,9,9,39,0,42,,,,,0,0,0,0,0,0
20,https://www.newyorkspecialed.net/districts/central-islip-ufsd/special-ed-updates.html,200,text/html; charset=utf-8,true,Central Islip UFSD Special Education: Essential Parent Intel & Updates,70,"Stay ahead of Central Islip UFSD special education changes. Get critical news, trends, and advocacy strategies before your child's next CSE meeting.",148,Central Islip UFSD Special Education: Parent Intel,50,,,https://www.newyorkspecialed.net/districts/central-islip-ufsd/special-ed-updates.html,200,6336,1193,1,8,8,40,0,13,,,,,0,0,0,0,0,0
20,https://www.newyorkspecialed.net/districts/nyc-district-23-brownsville/evaluation-process.html,200,text/html; charset=utf-8,true,Requesting an Evaluation in District 23,39,Step-by-step guide to the 60-day special education evaluation timeline in District 23.,86,Requesting a Special Education Evaluation,41,,,https://www.newyorkspecialed.net/districts/nyc-district-23-brownsville/evaluation-process.html,200,11369,3359,0,8,8,39,0,52,,,,,0,0,0,0,0,0
20,https://www.newyorkspecialed.net/districts/nyc-district-24-maspeth/evaluation-process.html,200,text/html; charset=utf-8,true,Requesting an Evaluation in District 24,39,Step-by-step guide to the 60-day special education evaluation timeline in District 24.,86,Requesting a Special Education Evaluation,41,,,https://www.newyorkspecialed.net/districts/nyc-district-24-maspeth/evaluation-process.html,200,10031,2823,0,9,9,39,0,48,,,,,0,0,0,0,0,0
20,https://www.newyorkspecialed.net/districts/poughkeepsie-city-sd/evaluation-process.html,200,text/html; charset=utf-8,true,Requesting an Evaluation in Poughkeepsie City SD,48,Step-by-step guide to the 60-day special education evaluation timeline in Poughkeepsie City SD.,95,Requesting a Special Education Evaluation,41,,,https://www.newyorkspecialed.net/districts/poughkeepsie-city-sd/evaluation-process.html,200,9705,2780,0,8,8,39,0,91,,,,,0,0,0,0,0,0
20,https://www.newyorkspecialed.net/districts/nyc-district-18-east-flatbush/special-ed-updates.html,200,text/html; charset=utf-8,true,District 18 Special Education: Essential Parent Intel & Updates,63,"Stay ahead of District 18 special education changes. Get critical news, trends, and advocacy strategies before your child's next CSE meeting.",141,District 18 Special Education: Parent Intel,43,,,https://www.newyorkspecialed.net/districts/nyc-district-18-east-flatbush/special-ed-updates.html,200,6425,1266,1,8,8,40,0,81,,,,,0,0,0,0,0,0
20,https://www.newyorkspecialed.net/districts/nyc-district-12-soundview/evaluation-process.html,200,text/html; charset=utf-8,true,Requesting an Evaluation in District 12,39,Step-by-step guide to the 60-day special education evaluation timeline in District 12.,86,Requesting a Special Education Evaluation,41,,,https://www.newyorkspecialed.net/districts/nyc-district-12-soundview/evaluation-process.html,200,10111,2857,0,8,8,39,0,41,,,,,0,0,0,0,0,0
20,https://www.newyorkspecialed.net/districts/schenectady-city-sd/,200,text/html; charset=utf-8,true,Schenectady City SD Special Education Hub | newyorkspecialed.net,64,"Complete guide to Special Education in Schenectady City SD. Contacts, CSE meetings, evaluation timelines, and parent rights.",124,Schenectady City SD Special Ed Hub,34,,,https://www.newyorkspecialed.net/districts/schenectady-city-sd/,200,7630,1884,0,1,1,41,0,45,,,,,0,0,0,0,0,0
20,https://www.newyorkspecialed.net/districts/nyc-district-03-upper-west-side/partners.html,200,text/html; charset=utf-8,true,Special Education Providers & Support in NYC District 03 Upper West Side | NY Special Ed,88,"Navigating special education in NYC District 03 (Upper West Side) can be complex. Learn about CSE meetings, IEPs, and find local parent advocates to support your child.",168,Special Education Providers in NYC District 03 Upper West Side,62,,,https://www.newyorkspecialed.net/districts/nyc-district-03-upper-west-side/partners.html,200,5338,869,1,9,9,40,9,57,,,,,0,0,0,0,0,0
20,https://www.newyorkspecialed.net/districts/poughkeepsie-city-sd/cse-meeting-guide.html,200,text/html; charset=utf-8,true,CSE Meeting Guide for Poughkeepsie City SD,42,"Prepare for your Committee on Special Education meeting in Poughkeepsie City SD. Tips for Small city high needs, CSE process, behavior supports.",144,Who Must Be in the Room,23,,,https://www.newyorkspecialed.net/districts/poughkeepsie-city-sd/cse-meeting-guide.html,200,9899,2640,0,8,8,39,0,91,,,,,0,0,0,0,0,0
20,https://www.newyorkspecialed.net/districts/nyc-district-16-bed-stuy/evaluation-process.html,200,text/html; charset=utf-8,true,Requesting an Evaluation in District 16,39,Step-by-step guide to the 60-day special education evaluation timeline in District 16.,86,Requesting a Special Education Evaluation,41,,,https://www.newyorkspecialed.net/districts/nyc-district-16-bed-stuy/evaluation-process.html,200,9266,2450,0,8,8,39,0,62,,,,,0,0,0,0,0,0
20,https://www.newyorkspecialed.net/districts/utica-city-sd/discipline-rights.html,200,text/html; charset=utf-8,true,Student Discipline Rights in Utica City SD,42,"Suspension, MDR, and discipline rights for students with disabilities in Utica City SD.",87,Discipline Rights & the Manifestation Determination Review,58,,,https://www.newyorkspecialed.net/districts/utica-city-sd/discipline-rights.html,200,8153,2048,0,8,8,39,0,96,,,,,0,0,0,0,0,0
20,https://www.newyorkspecialed.net/districts/nyc-district-02-upper-east-side/evaluation-process.html,200,text/html; charset=utf-8,true,Requesting an Evaluation in District 2,38,Step-by-step guide to the 60-day special education evaluation timeline in District 2.,85,Requesting a Special Education Evaluation,41,,,https://www.newyorkspecialed.net/districts/nyc-district-02-upper-east-side/evaluation-process.html,200,10384,3010,0,9,9,39,0,39,,,,,0,0,0,0,0,0
20,https://www.newyorkspecialed.net/districts/nyc-district-23-brownsville/discipline-rights.html,200,text/html; charset=utf-8,true,Student Discipline Rights in District 23,40,"Suspension, MDR, and discipline rights for students with disabilities in District 23.",85,Discipline Rights & the Manifestation Determination Review,58,,,https://www.newyorkspecialed.net/districts/nyc-district-23-brownsville/discipline-rights.html,200,8668,2379,0,8,8,39,0,61,,,,,0,0,0,0,0,0
20,https://www.newyorkspecialed.net/districts/syracuse-city-sd/leadership-directory.html,200,text/html; charset=utf-8,true,Special Education Contacts: Syracuse City SD,44,"Direct phone numbers and emails for Syracuse City SD Committee on Special Education (CSE), CPSE, and leadership offices.",120,,,,,https://www.newyorkspecialed.net/districts/syracuse-city-sd/leadership-directory.html,200,6956,1952,0,9,9,39,0,46,,,,,0,0,0,0,0,0
20,https://www.newyorkspecialed.net/districts/schenectady-city-sd/discipline-rights.html,200,text/html; charset=utf-8,true,Student Discipline Rights in Schenectady City SD,48,"Suspension, MDR, and discipline rights for students with disabilities in Schenectady City SD.",93,Discipline Rights & the Manifestation Determination Review,58,,,https://www.newyorkspecialed.net/districts/schenectady-city-sd/discipline-rights.html,200,7935,1945,0,8,8,39,0,55,,,,,0,0,0,0,0,0
20,https://www.newyorkspecialed.net/districts/nyc-district-19-east-new-york/evaluation-process.html,200,text/html; charset=utf-8,true,Requesting an Evaluation in District 19,39,Step-by-step guide to the 60-day special education evaluation timeline in District 19.,86,Requesting a Special Education Evaluation,41,,,https://www.newyorkspecialed.net/districts/nyc-district-19-east-new-york/evaluation-process.html,200,9024,2386,0,8,8,39,0,60,,,,,0,0,0,0,0,0
20,https://www.newyorkspecialed.net/districts/brentwood-ufsd/cse-meeting-guide.html,200,text/html; charset=utf-8,true,CSE Meeting Guide for Brentwood UFSD,36,"Prepare for your Committee on Special Education meeting in Brentwood UFSD. Tips for Largest non-city district, Spanish bilingual evals, high IEP caseloads.",155,Who Must Be in the Room,23,,,https://www.newyorkspecialed.net/districts/brentwood-ufsd/cse-meeting-guide.html,200,9595,2566,0,8,8,39,0,72,,,,,0,0,0,0,0,0
20,https://www.newyorkspecialed.net/districts/syracuse-city-sd/,200,text/html; charset=utf-8,true,Syracuse City SD Special Education Hub | newyorkspecialed.net,61,"Complete guide to Special Education in Syracuse City SD. Contacts, CSE meetings, evaluation timelines, and parent rights.",121,Syracuse City SD Special Ed Hub,31,,,https://www.newyorkspecialed.net/districts/syracuse-city-sd/,200,7964,1980,0,1,1,41,0,16,,,,,0,0,0,0,0,0
20,https://www.newyorkspecialed.net/districts/nyc-district-07-south-bronx/,200,text/html; charset=utf-8,true,District 7 Special Education Hub | newyorkspecialed.net,55,"Complete guide to Special Education in District 7. Contacts, CSE meetings, evaluation timelines, and parent rights.",115,District 7 Special Ed Hub,25,,,https://www.newyorkspecialed.net/districts/nyc-district-07-south-bronx/,200,7657,1939,0,1,1,41,0,59,,,,,0,0,0,0,0,0
20,https://www.newyorkspecialed.net/districts/nyc-district-06-washington-heights/special-ed-updates.html,200,text/html; charset=utf-8,true,District 6 Special Education: Essential Parent Intel & Updates,62,"Stay ahead of District 6 special education changes. Get critical news, trends, and advocacy strategies before your child's next CSE meeting.",140,District 6 Special Education: Parent Intel,42,,,https://www.newyorkspecialed.net/districts/nyc-district-06-washington-heights/special-ed-updates.html,200,6402,1242,1,9,9,40,0,53,,,,,0,0,0,0,0,0
20,https://www.newyorkspecialed.net/districts/nyc-district-01-lower-east-side/partners.html,200,text/html; charset=utf-8,true,Special Education Providers & Support in NYC District 01 Lower East Side | NY Special Ed,88,"Navigating special education in NYC District 01, Lower East Side? Learn about CSE meetings, IEPs, and your rights. Connect with local advocates for support!",156,Special Education Providers in NYC District 01 Lower East Side,62,,,https://www.newyorkspecialed.net/districts/nyc-district-01-lower-east-side/partners.html,200,5264,855,1,9,9,40,9,98,,,,,0,0,0,0,0,0
20,https://www.newyorkspecialed.net/districts/brentwood-ufsd/,200,text/html; charset=utf-8,true,Brentwood UFSD Special Education Hub | newyorkspecialed.net,59,"Complete guide to Special Education in Brentwood UFSD. Contacts, CSE meetings, evaluation timelines, and parent rights.",119,Brentwood UFSD Special Ed Hub,29,,,https://www.newyorkspecialed.net/districts/brentwood-ufsd/,200,7326,1727,0,1,1,41,0,56,,,,,0,0,0,0,0,0
20,https://www.newyorkspecialed.net/districts/nyc-district-16-bed-stuy/,200,text/html; charset=utf-8,true,District 16 Special Education Hub | newyorkspecialed.net,56,"Complete guide to Special Education in District 16. Contacts, CSE meetings, evaluation timelines, and parent rights.",116,District 16 Special Ed Hub,26,,,https://www.newyorkspecialed.net/districts/nyc-district-16-bed-stuy/,200,7941,1969,0,1,1,41,0,54,,,,,0,0,0,0,0,0
20,https://www.newyorkspecialed.net/guides/cse-meeting-guide/,200,text/html; charset=utf-8,true,New York State CSE Meeting Guide | New York Special Ed,54,A comprehensive parent guide to navigating the Committee on Special Education (CSE) meetings in New York State.,111,New York State CSE Meeting Guide,32,,,https://www.newyorkspecialed.net/guides/cse-meeting-guide/,200,6395,1395,0,1,1,33,0,15,,,,,0,0,0,0,0,0
20,https://www.newyorkspecialed.net/districts/nyc-district-18-east-flatbush/evaluation-process.html,200,text/html; charset=utf-8,true,Requesting an Evaluation in District 18,39,Step-by-step guide to the 60-day special education evaluation timeline in District 18.,86,Requesting a Special Education Evaluation,41,,,https://www.newyorkspecialed.net/districts/nyc-district-18-east-flatbush/evaluation-process.html,200,11174,3472,0,8,8,39,0,44,,,,,0,0,0,0,0,0
20,https://www.newyorkspecialed.net/districts/nyc-district-23-brownsville/,200,text/html; charset=utf-8,true,District 23 Special Education Hub | newyorkspecialed.net,56,"Complete guide to Special Education in District 23. Contacts, CSE meetings, evaluation timelines, and parent rights.",116,District 23 Special Ed Hub,26,,,https://www.newyorkspecialed.net/districts/nyc-district-23-brownsville/,200,7608,1862,0,1,1,41,0,61,,,,,0,0,0,0,0,0
20,https://www.newyorkspecialed.net/districts/nyc-district-32-bushwick/cse-meeting-guide.html,200,text/html; charset=utf-8,true,CSE Meeting Guide for District 32,33,"Prepare for your Committee on Special Education meeting in District 32. Tips for Bilingual evaluations (Spanish), gentrification+school choice+IEP.",147,Who Must Be in the Room,23,,,https://www.newyorkspecialed.net/districts/nyc-district-32-bushwick/cse-meeting-guide.html,200,10277,2871,0,8,8,39,0,78,,,,,0,0,0,0,0,0
20,https://www.newyorkspecialed.net/districts/nyc-district-32-bushwick/evaluation-process.html,200,text/html; charset=utf-8,true,Requesting an Evaluation in District 32,39,Step-by-step guide to the 60-day special education evaluation timeline in District 32.,86,Requesting a Special Education Evaluation,41,,,https://www.newyorkspecialed.net/districts/nyc-district-32-bushwick/evaluation-process.html,200,10116,2881,0,8,8,39,0,59,,,,,0,0,0,0,0,0
20,https://www.newyorkspecialed.net/districts/east-ramapo-csd/discipline-rights.html,200,text/html; charset=utf-8,true,Discipline Rights — East Ramapo CSD | NY Special Ed — East Ramapo CSD | NY Special Ed,85,Know your child's special education discipline rights in East Ramapo CSD. Understand suspension rules and IEP protections. Learn about manifestation determination reviews.,171,Discipline Rights & Impartial Hearings in East Ramapo CSD,57,,,https://www.newyorkspecialed.net/districts/east-ramapo-csd/discipline-rights.html,200,3029,814,2,8,8,6,0,42,,,,,0,0,0,0,0,0
20,https://www.newyorkspecialed.net/districts/niagara-falls-city-sd/cse-meeting-guide.html,200,text/html; charset=utf-8,true,CSE Meeting Guide for Niagara Falls City SD,43,"Prepare for your Committee on Special Education meeting in Niagara Falls City SD. Tips for High poverty, evaluation timelines, transition services.",147,Navigating the CSE Meeting,26,,,https://www.newyorkspecialed.net/districts/niagara-falls-city-sd/cse-meeting-guide.html,200,9661,2584,0,8,8,39,0,84,,,,,0,0,0,0,0,0
20,https://www.newyorkspecialed.net/districts/albany-city-sd/parent-advocacy-guide.html,200,text/html; charset=utf-8,true,CSE Advocacy Guide for Albany City SD Parents | NY Special Ed,61,"Learn about special education parent advocacy in Albany City SD. Understand CSE meetings, IEPs, parent rights, evaluations, and how to advocate for your child.",159,Parent Advocacy Guide for Albany City SD,40,,,https://www.newyorkspecialed.net/districts/albany-city-sd/parent-advocacy-guide.html,200,4890,1027,2,1,1,40,0,61,,,,,0,0,0,0,0,0
20,https://www.newyorkspecialed.net/districts/nyc-district-25-flushing/partners.html,200,text/html; charset=utf-8,true,Special Education Providers & Support in NYC District 25 Flushing | NY Special Ed,81,"Navigate special education in NYC District 25, Flushing. Understand CSE meetings, IEPs, and your rights. Connect with local advocates for support.",146,Special Education Providers in NYC District 25 Flushing,55,,,https://www.newyorkspecialed.net/districts/nyc-district-25-flushing/partners.html,200,5315,833,1,8,8,40,9,73,,,,,0,0,0,0,0,0
20,https://www.newyorkspecialed.net/districts/niagara-falls-city-sd/parent-advocacy-guide.html,200,text/html; charset=utf-8,true,CSE Advocacy Guide for Niagara Falls City SD Parents | NY Special Ed,68,"A guide for parents in Niagara Falls City SD to navigate CSE meetings, understand IEPs, and advocate for their child's special education rights in NY.",150,Parent Advocacy Guide for Niagara Falls City SD,47,,,https://www.newyorkspecialed.net/districts/niagara-falls-city-sd/parent-advocacy-guide.html,200,4929,1075,1,3,3,40,0,62,,,,,0,0,0,0,0,0
20,https://www.newyorkspecialed.net/districts/nyc-district-09-grand-concourse/parent-advocacy-guide.html,200,text/html; charset=utf-8,true,CSE Advocacy Guide for NYC District 09 Grand Concourse Parents | NY Special Ed,78,"A guide for NYC District 09 Grand Concourse parents on navigating CSE meetings, understanding parent rights, and advocating for effective IEPs.",143,Parent Advocacy Guide for NYC District 09 Grand Concourse,57,,,https://www.newyorkspecialed.net/districts/nyc-district-09-grand-concourse/parent-advocacy-guide.html,200,4847,996,1,3,3,40,0,56,,,,,0,0,0,0,0,0
20,https://www.newyorkspecialed.net/districts/nyc-district-06-washington-heights/discipline-rights.html,200,text/html; charset=utf-8,true,Student Discipline Rights in District 6,39,"Suspension, MDR, and discipline rights for students with disabilities in District 6.",84,Discipline Rights & the Manifestation Determination Review,58,,,https://www.newyorkspecialed.net/districts/nyc-district-06-washington-heights/discipline-rights.html,200,8733,2278,0,9,9,39,0,82,,,,,0,0,0,0,0,0
20,https://www.newyorkspecialed.net/districts/nyc-district-27-rockaway/leadership-directory.html,200,text/html; charset=utf-8,true,Special Education Contacts: District 27,39,"Direct phone numbers and emails for District 27 Committee on Special Education (CSE), CPSE, and leadership offices.",115,,,,,https://www.newyorkspecialed.net/districts/nyc-district-27-rockaway/leadership-directory.html,200,6803,1865,0,8,8,39,0,41,,,,,0,0,0,0,0,0
20,https://www.newyorkspecialed.net/districts/hempstead-ufsd/cse-meeting-guide.html,200,text/html; charset=utf-8,true,CSE Meeting Guide for Hempstead UFSD,36,"Prepare for your Committee on Special Education meeting in Hempstead UFSD. Tips for High-poverty suburban, evaluation advocacy, related services.",145,Who Must Be in the Room,23,,,https://www.newyorkspecialed.net/districts/hempstead-ufsd/cse-meeting-guide.html,200,9705,2653,0,8,8,39,0,39,,,,,0,0,0,0,0,0
20,https://www.newyorkspecialed.net/districts/sachem-csd/cse-meeting-guide.html,200,text/html; charset=utf-8,true,CSE Meeting Guide — Sachem CSD | NY Special Ed — Sachem CSD | NY Special Ed,75,Navigate your Sachem CSD CSE meeting with confidence. Learn about your rights and how to advocate for your child's special education needs.,139,CSE Meeting Guide for Sachem CSD Parents,40,,,https://www.newyorkspecialed.net/districts/sachem-csd/cse-meeting-guide.html,200,3530,896,2,8,8,6,0,100,,,,,0,0,0,0,0,0
20,https://www.newyorkspecialed.net/districts/syracuse-city-sd/evaluation-process.html,200,text/html; charset=utf-8,true,Requesting an Evaluation in Syracuse City SD,44,Step-by-step guide to the 60-day special education evaluation timeline in Syracuse City SD.,91,Requesting a Special Education Evaluation,41,,,https://www.newyorkspecialed.net/districts/syracuse-city-sd/evaluation-process.html,200,10603,3240,0,9,9,39,0,40,,,,,0,0,0,0,0,0
20,https://www.newyorkspecialed.net/districts/nyc-district-27-rockaway/cse-meeting-guide.html,200,text/html; charset=utf-8,true,CSE Meeting Guide for District 27,33,"Prepare for your Committee on Special Education meeting in District 27. Tips for Transportation for IEP students, isolated communities, related services access.",160,Who Must Be in the Room,23,,,https://www.newyorkspecialed.net/districts/nyc-district-27-rockaway/cse-meeting-guide.html,200,9239,2392,0,8,8,39,0,44,,,,,0,0,0,0,0,0
20,https://www.newyorkspecialed.net/districts/nyc-district-79/special-ed-updates.html,200,text/html; charset=utf-8,true,District 79 Special Education: Essential Parent Intel & Updates,63,"Stay ahead of District 79 special education changes. Get critical news, trends, and advocacy strategies before your child's next CSE meeting.",141,District 79 Special Education: Parent Intel,43,,,https://www.newyorkspecialed.net/districts/nyc-district-79/special-ed-updates.html,200,6663,1281,1,8,8,40,0,107,,,,,0,0,0,0,0,0
20,https://www.newyorkspecialed.net/districts/sachem-csd/parent-advocacy-guide.html,200,text/html; charset=utf-8,true,CSE Advocacy Guide for Sachem CSD Parents | NY Special Ed,57,"A guide for Sachem CSD parents navigating the special education process. Learn your IEP rights, understand the CSE, and find advocacy resources in Suffolk County.",162,Parent Advocacy Guide for Sachem CSD,36,,,https://www.newyorkspecialed.net/districts/sachem-csd/parent-advocacy-guide.html,200,3162,807,2,3,3,7,0,49,,,,,0,0,0,0,0,0
20,https://www.newyorkspecialed.net/districts/buffalo-city-sd/leadership-directory.html,200,text/html; charset=utf-8,true,Special Education Contacts: Buffalo City SD,43,"Direct phone numbers and emails for Buffalo City SD Committee on Special Education (CSE), CPSE, and leadership offices.",119,,,,,https://www.newyorkspecialed.net/districts/buffalo-city-sd/leadership-directory.html,200,6397,1615,0,9,9,39,0,54,,,,,0,0,0,0,0,0
20,https://www.newyorkspecialed.net/districts/nyc-district-26-bayside/evaluation-process.html,200,text/html; charset=utf-8,true,Requesting an Evaluation in District 26,39,Step-by-step guide to the 60-day special education evaluation timeline in District 26.,86,Requesting a Special Education Evaluation,41,,,https://www.newyorkspecialed.net/districts/nyc-district-26-bayside/evaluation-process.html,200,10640,3065,0,9,9,39,0,42,,,,,0,0,0,0,0,0
20,https://www.newyorkspecialed.net/districts/hempstead-ufsd/parent-advocacy-guide.html,200,text/html; charset=utf-8,true,CSE Advocacy Guide for Hempstead UFSD Parents | NY Special Ed,61,"A guide for Hempstead UFSD parents navigating NY's special education system. Learn about CSE meetings, IEPs, parent rights, and effective advocacy strategies.",158,Parent Advocacy Guide for Hempstead UFSD,40,,,https://www.newyorkspecialed.net/districts/hempstead-ufsd/parent-advocacy-guide.html,200,4763,1029,1,3,3,40,0,41,,,,,0,0,0,0,0,0
20,https://www.newyorkspecialed.net/districts/nyc-district-22-midwood/discipline-rights.html,200,text/html; charset=utf-8,true,Student Discipline Rights in District 22,40,"Suspension, MDR, and discipline rights for students with disabilities in District 22.",85,Discipline Rights & the Manifestation Determination Review,58,,,https://www.newyorkspecialed.net/districts/nyc-district-22-midwood/discipline-rights.html,200,8884,2322,0,9,9,39,0,170,,,,,0,0,0,0,0,0
20,https://www.newyorkspecialed.net/districts/nyc-district-11-pelham-parkway/discipline-rights.html,200,text/html; charset=utf-8,true,Student Discipline Rights in District 11,40,"Suspension, MDR, and discipline rights for students with disabilities in District 11.",85,Discipline Rights & the Manifestation Determination Review,58,,,https://www.newyorkspecialed.net/districts/nyc-district-11-pelham-parkway/discipline-rights.html,200,9015,2344,0,8,8,39,0,62,,,,,0,0,0,0,0,0
20,https://www.newyorkspecialed.net/districts/nyc-district-17-crown-heights/partners.html,200,text/html; charset=utf-8,true,Special Education Providers & Support in NYC District 17 Crown Heights | NY Special Ed,86,"Navigate special education in NYC District 17 Crown Heights. Learn about CSE meetings, IEPs, your rights, and connect with local advocates for support.",151,Special Education Providers in NYC District 17 Crown Heights,60,,,https://www.newyorkspecialed.net/districts/nyc-district-17-crown-heights/partners.html,200,5335,858,1,8,8,40,9,54,,,,,0,0,0,0,0,0
20,https://www.newyorkspecialed.net/districts/nyc-district-24-maspeth/leadership-directory.html,200,text/html; charset=utf-8,true,Special Education Contacts: District 24,39,"Direct phone numbers and emails for District 24 Committee on Special Education (CSE), CPSE, and leadership offices.",115,,,,,https://www.newyorkspecialed.net/districts/nyc-district-24-maspeth/leadership-directory.html,200,6611,1722,0,9,9,39,0,37,,,,,0,0,0,0,0,0
20,https://www.newyorkspecialed.net/districts/new-rochelle-city-sd/special-ed-updates.html,200,text/html; charset=utf-8,true,New Rochelle City SD Special Education: Essential Parent Intel & Updates,72,"Stay ahead of New Rochelle City SD special education changes. Get critical news, trends, and advocacy strategies before your child's next CSE meeting.",150,New Rochelle City SD Special Education: Parent Intel,52,,,https://www.newyorkspecialed.net/districts/new-rochelle-city-sd/special-ed-updates.html,200,6298,1178,1,8,8,40,0,55,,,,,0,0,0,0,0,0
20,https://www.newyorkspecialed.net/districts/nyc-district-12-soundview/cse-meeting-guide.html,200,text/html; charset=utf-8,true,CSE Meeting Guide for District 12,33,"Prepare for your Committee on Special Education meeting in District 12. Tips for Evaluation timelines, pendency rights, related service gaps.",141,Who Must Be in the Room,23,,,https://www.newyorkspecialed.net/districts/nyc-district-12-soundview/cse-meeting-guide.html,200,9664,2581,0,8,8,39,0,52,,,,,0,0,0,0,0,0
20,https://www.newyorkspecialed.net/districts/nyc-district-01-lower-east-side/parent-advocacy-guide.html,200,text/html; charset=utf-8,true,CSE Advocacy Guide for NYC District 01 Lower East Side | NY Special Ed,70,A guide for NYC District 01 Lower East Side parents navigating CSE meetings & special education. Understand your rights & advocate for your child's IEP.,152,Parent Advocacy Guide for NYC District 01 Lower East Side,57,,,https://www.newyorkspecialed.net/districts/nyc-district-01-lower-east-side/parent-advocacy-guide.html,200,4915,1098,2,1,1,40,0,77,,,,,0,0,0,0,0,0
20,https://www.newyorkspecialed.net/districts/hempstead-ufsd/discipline-rights.html,200,text/html; charset=utf-8,true,Student Discipline Rights in Hempstead UFSD,43,"Suspension, MDR, and discipline rights for students with disabilities in Hempstead UFSD.",88,Discipline Rights & the Manifestation Determination Review,58,,,https://www.newyorkspecialed.net/districts/hempstead-ufsd/discipline-rights.html,200,8773,2292,0,8,8,39,0,56,,,,,0,0,0,0,0,0
20,https://www.newyorkspecialed.net/districts/nyc-district-18-east-flatbush/partners.html,200,text/html; charset=utf-8,true,Special Education Providers & Support in NYC District 18 East Flatbush | NY Special Ed,86,"Navigate special education in NYC District 18, East Flatbush. Understand CSE meetings, IEPs, and your rights. Connect with local advocates for support.",151,Special Education Providers in NYC District 18 East Flatbush,60,,,https://www.newyorkspecialed.net/districts/nyc-district-18-east-flatbush/partners.html,200,5257,837,1,8,8,40,9,69,,,,,0,0,0,0,0,0
20,https://www.newyorkspecialed.net/districts/nyc-district-27-rockaway/,200,text/html; charset=utf-8,true,District 27 Special Education Hub | newyorkspecialed.net,56,"Complete guide to Special Education in District 27. Contacts, CSE meetings, evaluation timelines, and parent rights.",116,District 27 Special Ed Hub,26,,,https://www.newyorkspecialed.net/districts/nyc-district-27-rockaway/,200,8048,2085,0,1,1,41,0,39,,,,,0,0,0,0,0,0
20,https://www.newyorkspecialed.net/districts/nyc-district-06-washington-heights/cse-meeting-guide.html,200,text/html; charset=utf-8,true,CSE Meeting Guide for District 6,32,"Prepare for your Committee on Special Education meeting in District 6. Tips for Bilingual IEP (Spanish), evaluation backlog advocacy, CPSE→CSE transitions.",155,Navigating the CSE Meeting,26,,,https://www.newyorkspecialed.net/districts/nyc-district-06-washington-heights/cse-meeting-guide.html,200,10344,2808,0,9,9,39,0,55,,,,,0,0,0,0,0,0
20,https://www.newyorkspecialed.net/districts/nyc-district-18-east-flatbush/leadership-directory.html,200,text/html; charset=utf-8,true,Special Education Contacts: District 18,39,"Direct phone numbers and emails for District 18 Committee on Special Education (CSE), CPSE, and leadership offices.",115,,,,,https://www.newyorkspecialed.net/districts/nyc-district-18-east-flatbush/leadership-directory.html,200,6675,1750,0,8,8,39,0,61,,,,,0,0,0,0,0,0
20,https://www.newyorkspecialed.net/districts/nyc-district-23-brownsville/special-ed-updates.html,200,text/html; charset=utf-8,true,District 23 Special Education: Essential Parent Intel & Updates,63,"Stay ahead of District 23 special education changes. Get critical news, trends, and advocacy strategies before your child's next CSE meeting.",141,District 23 Special Education: Parent Intel,43,,,https://www.newyorkspecialed.net/districts/nyc-district-23-brownsville/special-ed-updates.html,200,6276,1153,1,8,8,40,0,48,,,,,0,0,0,0,0,0
20,https://www.newyorkspecialed.net/districts/white-plains-city-sd/,200,text/html; charset=utf-8,true,White Plains City SD Special Education Hub | newyorkspecialed.net,65,"Complete guide to Special Education in White Plains City SD. Contacts, CSE meetings, evaluation timelines, and parent rights.",125,White Plains City SD Special Ed Hub,35,,,https://www.newyorkspecialed.net/districts/white-plains-city-sd/,200,7986,2056,0,1,1,41,0,43,,,,,0,0,0,0,0,0
20,https://www.newyorkspecialed.net/districts/east-ramapo-csd/parent-advocacy-guide.html,200,text/html; charset=utf-8,true,CSE Advocacy Guide for East Ramapo CSD Parents | NY Special Ed,62,"A guide for East Ramapo CSD parents navigating the special education system. Learn about your IEP rights, the CSE process, and effective advocacy strategies in Rockland County.",176,Parent Advocacy Guide for East Ramapo CSD,41,,,https://www.newyorkspecialed.net/districts/east-ramapo-csd/parent-advocacy-guide.html,200,3361,914,2,3,3,7,0,37,,,,,0,0,0,0,0,0
20,https://www.newyorkspecialed.net/districts/nyc-district-24-maspeth/discipline-rights.html,200,text/html; charset=utf-8,true,Student Discipline Rights in District 24,40,"Suspension, MDR, and discipline rights for students with disabilities in District 24.",85,Discipline Rights & the Manifestation Determination Review,58,,,https://www.newyorkspecialed.net/districts/nyc-district-24-maspeth/discipline-rights.html,200,8783,2323,0,9,9,39,0,54,,,,,0,0,0,0,0,0
20,https://www.newyorkspecialed.net/districts/nyc-district-15-park-slope/partners.html,200,text/html; charset=utf-8,true,Special Education Providers & Support in NYC District 15 Park Slope | NY Special Ed,83,"Navigating special education in NYC District 15 Park Slope? Learn about CSE meetings, IEPs, your rights, and connect with local Brooklyn advocates.",147,Special Education Providers in NYC District 15 Park Slope,57,,,https://www.newyorkspecialed.net/districts/nyc-district-15-park-slope/partners.html,200,5355,860,1,9,9,40,9,52,,,,,0,0,0,0,0,0
20,https://www.newyorkspecialed.net/districts/nyc-district-01-lower-east-side/discipline-rights.html,200,text/html; charset=utf-8,true,Student Discipline Rights in District 1,39,"Suspension, MDR, and discipline rights for students with disabilities in District 1.",84,Discipline Rights & the Manifestation Determination Review,58,,,https://www.newyorkspecialed.net/districts/nyc-district-01-lower-east-side/discipline-rights.html,200,8903,2414,0,9,9,39,0,42,,,,,0,0,0,0,0,0
20,https://www.newyorkspecialed.net/districts/albany-city-sd/cse-meeting-guide.html,200,text/html; charset=utf-8,true,CSE Meeting Guide for Albany City SD,36,"Prepare for your Committee on Special Education meeting in Albany City SD. Tips for State capital advocacy resources, 72% high needs, bilingual evals.",150,Who Must Be in the Room,23,,,https://www.newyorkspecialed.net/districts/albany-city-sd/cse-meeting-guide.html,200,10752,3117,0,9,9,39,0,51,,,,,0,0,0,0,0,0
20,https://www.newyorkspecialed.net/districts/nyc-district-01-lower-east-side/leadership-directory.html,200,text/html; charset=utf-8,true,Special Education Contacts: District 1,38,"Direct phone numbers and emails for District 1 Committee on Special Education (CSE), CPSE, and leadership offices.",114,,,,,https://www.newyorkspecialed.net/districts/nyc-district-01-lower-east-side/leadership-directory.html,200,6794,1799,0,9,9,39,0,35,,,,,0,0,0,0,0,0
20,https://www.newyorkspecialed.net/districts/nyc-district-14-williamsburg/special-ed-updates.html,200,text/html; charset=utf-8,true,District 14 Special Education: Essential Parent Intel & Updates,63,"Stay ahead of District 14 special education changes. Get critical news, trends, and advocacy strategies before your child's next CSE meeting.",141,District 14 Special Education: Parent Intel,43,,,https://www.newyorkspecialed.net/districts/nyc-district-14-williamsburg/special-ed-updates.html,200,6379,1200,1,8,8,40,0,51,,,,,0,0,0,0,0,0
20,https://www.newyorkspecialed.net/districts/nyc-district-01-lower-east-side/special-ed-updates.html,200,text/html; charset=utf-8,true,District 1 Special Education: Essential Parent Intel & Updates,62,"Stay ahead of District 1 special education changes. Get critical news, trends, and advocacy strategies before your child's next CSE meeting.",140,District 1 Special Education: Parent Intel,42,,,https://www.newyorkspecialed.net/districts/nyc-district-01-lower-east-side/special-ed-updates.html,200,6504,1252,1,9,9,40,0,53,,,,,0,0,0,0,0,0
20,https://www.newyorkspecialed.net/districts/sachem-csd/leadership-directory.html,200,text/html; charset=utf-8,true,Special Education Contacts — Sachem CSD | NY Special Ed,55,"Key Sachem CSD special education contacts: CSE Chairperson, Director of Special Education, and more. Find out who to contact for IEP support in Sachem.",151,Special Education Contacts in Sachem CSD,40,,,https://www.newyorkspecialed.net/districts/sachem-csd/leadership-directory.html,200,2145,381,2,8,8,6,1,99,,,,,0,0,0,0,0,0
20,https://www.newyorkspecialed.net/districts/nyc-district-20-bay-ridge/evaluation-process.html,200,text/html; charset=utf-8,true,Requesting an Evaluation in District 20,39,Step-by-step guide to the 60-day special education evaluation timeline in District 20.,86,Requesting a Special Education Evaluation,41,,,https://www.newyorkspecialed.net/districts/nyc-district-20-bay-ridge/evaluation-process.html,200,10581,3143,0,9,9,39,0,53,,,,,0,0,0,0,0,0
20,https://www.newyorkspecialed.net/districts/nyc-district-26-bayside/partners.html,200,text/html; charset=utf-8,true,Special Education Providers & Support in NYC District 26 Bayside | NY Special Ed,80,"Navigate special education in NYC District 26 Bayside! Understand CSE meetings, IEPs, evaluations, and access local advocates. Get support for your child.",154,Special Education Providers in NYC District 26 Bayside,54,,,https://www.newyorkspecialed.net/districts/nyc-district-26-bayside/partners.html,200,5357,839,1,9,9,40,9,149,,,,,0,0,0,0,0,0
20,https://www.newyorkspecialed.net/districts/brentwood-ufsd/parent-advocacy-guide.html,200,text/html; charset=utf-8,true,CSE Advocacy Guide for Brentwood UFSD Parents | NY Special Ed,61,"A clear guide for Brentwood UFSD parents on navigating CSE meetings, understanding IEPs, and advocating for your child's special education rights in NY.",152,Parent Advocacy Guide for Brentwood UFSD,40,,,https://www.newyorkspecialed.net/districts/brentwood-ufsd/parent-advocacy-guide.html,200,4949,1128,1,3,3,40,0,39,,,,,0,0,0,0,0,0
20,https://www.newyorkspecialed.net/districts/nyc-district-25-flushing/discipline-rights.html,200,text/html; charset=utf-8,true,Student Discipline Rights in District 25,40,"Suspension, MDR, and discipline rights for students with disabilities in District 25.",85,Discipline Rights & the Manifestation Determination Review,58,,,https://www.newyorkspecialed.net/districts/nyc-district-25-flushing/discipline-rights.html,200,8968,2437,0,8,8,39,0,63,,,,,0,0,0,0,0,0
20,https://www.newyorkspecialed.net/districts/yonkers-city-sd/cse-meeting-guide.html,200,text/html; charset=utf-8,true,CSE Meeting Guide for Yonkers City SD,37,"Prepare for your Committee on Special Education meeting in Yonkers City SD. Tips for Bilingual (Spanish), proximity to NYC private placements, CSE process.",155,Who Must Be in the Room,23,,,https://www.newyorkspecialed.net/districts/yonkers-city-sd/cse-meeting-guide.html,200,9373,2605,0,9,9,39,0,44,,,,,0,0,0,0,0,0
20,https://www.newyorkspecialed.net/districts/nyc-district-08-throgs-neck/,200,text/html; charset=utf-8,true,District 8 Special Education Hub | newyorkspecialed.net,55,"Complete guide to Special Education in District 8. Contacts, CSE meetings, evaluation timelines, and parent rights.",115,District 8 Special Ed Hub,25,,,https://www.newyorkspecialed.net/districts/nyc-district-08-throgs-neck/,200,8018,2107,0,1,1,41,0,48,,,,,0,0,0,0,0,0
20,https://www.newyorkspecialed.net/districts/nyc-district-09-grand-concourse/special-ed-updates.html,200,text/html; charset=utf-8,true,District 9 Special Education: Essential Parent Intel & Updates,62,"Stay ahead of District 9 special education changes. Get critical news, trends, and advocacy strategies before your child's next CSE meeting.",140,District 9 Special Education: Parent Intel,42,,,https://www.newyorkspecialed.net/districts/nyc-district-09-grand-concourse/special-ed-updates.html,200,6647,1301,1,8,8,40,0,42,,,,,0,0,0,0,0,0
20,https://www.newyorkspecialed.net/districts/schenectady-city-sd/leadership-directory.html,200,text/html; charset=utf-8,true,Special Education Contacts: Schenectady City SD,47,"Direct phone numbers and emails for Schenectady City SD Committee on Special Education (CSE), CPSE, and leadership offices.",123,,,,,https://www.newyorkspecialed.net/districts/schenectady-city-sd/leadership-directory.html,200,6465,1593,0,8,8,39,0,68,,,,,0,0,0,0,0,0
20,https://www.newyorkspecialed.net/districts/nyc-district-04-east-harlem/cse-meeting-guide.html,200,text/html; charset=utf-8,true,CSE Meeting Guide for District 4,32,"Prepare for your Committee on Special Education meeting in District 4. Tips for Bilingual evaluations (Spanish), District 75 co-located programs.",145,Who Must Be in the Room,23,,,https://www.newyorkspecialed.net/districts/nyc-district-04-east-harlem/cse-meeting-guide.html,200,9938,2930,0,9,9,39,0,76,,,,,0,0,0,0,0,0
20,https://www.newyorkspecialed.net/districts/william-floyd-ufsd/leadership-directory.html,200,text/html; charset=utf-8,true,Special Education Contacts: William Floyd UFSD,46,"Direct phone numbers and emails for William Floyd UFSD Committee on Special Education (CSE), CPSE, and leadership offices.",122,,,,,https://www.newyorkspecialed.net/districts/william-floyd-ufsd/leadership-directory.html,200,6925,1788,0,8,8,39,0,81,,,,,0,0,0,0,0,0
20,https://www.newyorkspecialed.net/districts/buffalo-city-sd/partners.html,200,text/html; charset=utf-8,true,Special Education Providers & Support in Buffalo City SD | NY Special Ed,72,"Navigating special education in Buffalo City SD can be complex. Learn about CSE meetings, IEPs, and your rights. Find local parent advocates and resources in Buffalo.",166,Special Education Providers in Buffalo City SD,46,,,https://www.newyorkspecialed.net/districts/buffalo-city-sd/partners.html,200,5226,814,1,9,9,40,9,66,,,,,0,0,0,0,0,0
20,https://www.newyorkspecialed.net/districts/nyc-district-02-upper-east-side/parent-advocacy-guide.html,200,text/html; charset=utf-8,true,CSE Advocacy Guide for NYC District 02 Parents | NY Special Ed,62,A parent's guide to navigating CSE meetings and IEPs in NYC District 02 Upper East Side. Understand your rights and learn effective special education advocacy strategies.,170,Parent Advocacy Guide for NYC District 02 Upper East Side,57,,,https://www.newyorkspecialed.net/districts/nyc-district-02-upper-east-side/parent-advocacy-guide.html,200,4897,1114,2,1,1,40,0,45,,,,,0,0,0,0,0,0
20,https://www.newyorkspecialed.net/districts/nyc-district-24-maspeth/,200,text/html; charset=utf-8,true,District 24 Special Education Hub | newyorkspecialed.net,56,"Complete guide to Special Education in District 24. Contacts, CSE meetings, evaluation timelines, and parent rights.",116,District 24 Special Ed Hub,26,,,https://www.newyorkspecialed.net/districts/nyc-district-24-maspeth/,200,7706,1862,0,1,1,41,0,13,,,,,0,0,0,0,0,0
20,https://www.newyorkspecialed.net/districts/nyc-district-11-pelham-parkway/,200,text/html; charset=utf-8,true,District 11 Special Education Hub | newyorkspecialed.net,56,"Complete guide to Special Education in District 11. Contacts, CSE meetings, evaluation timelines, and parent rights.",116,District 11 Special Ed Hub,26,,,https://www.newyorkspecialed.net/districts/nyc-district-11-pelham-parkway/,200,7555,1838,0,1,1,41,0,43,,,,,0,0,0,0,0,0
20,https://www.newyorkspecialed.net/districts/nyc-district-12-soundview/,200,text/html; charset=utf-8,true,District 12 Special Education Hub | newyorkspecialed.net,56,"Complete guide to Special Education in District 12. Contacts, CSE meetings, evaluation timelines, and parent rights.",116,District 12 Special Ed Hub,26,,,https://www.newyorkspecialed.net/districts/nyc-district-12-soundview/,200,7868,1918,0,1,1,41,0,44,,,,,0,0,0,0,0,0
20,https://www.newyorkspecialed.net/districts/central-islip-ufsd/partners.html,200,text/html; charset=utf-8,true,Special Education Providers & Support in Central Islip UFSD | NY Special Ed,75,"Navigate special education in Central Islip UFSD. Understand CSE meetings, IEPs, and your rights. Connect with local advocates for support in Suffolk County.",157,Special Education Providers in Central Islip UFSD,49,,,https://www.newyorkspecialed.net/districts/central-islip-ufsd/partners.html,200,5316,825,1,8,8,40,9,79,,,,,0,0,0,0,0,0
20,https://www.newyorkspecialed.net/districts/albany-city-sd/leadership-directory.html,200,text/html; charset=utf-8,true,Special Education Contacts: Albany City SD,42,"Direct phone numbers and emails for Albany City SD Committee on Special Education (CSE), CPSE, and leadership offices.",118,,,,,https://www.newyorkspecialed.net/districts/albany-city-sd/leadership-directory.html,200,6688,1716,0,9,9,39,0,67,,,,,0,0,0,0,0,0
20,https://www.newyorkspecialed.net/districts/nyc-district-05-central-harlem/parent-advocacy-guide.html,200,text/html; charset=utf-8,true,CSE Advocacy Guide for NYC District 05 Central Harlem | NY Special Ed,69,A parent's guide to CSE meetings and IEP advocacy in NYC District 05 Central Harlem. Learn about your rights and how to navigate the special education process.,159,Parent Advocacy Guide for NYC District 05 Central Harlem,56,,,https://www.newyorkspecialed.net/districts/nyc-district-05-central-harlem/parent-advocacy-guide.html,200,4716,1030,2,1,1,40,0,44,,,,,0,0,0,0,0,0
20,https://www.newyorkspecialed.net/districts/william-floyd-ufsd/evaluation-process.html,200,text/html; charset=utf-8,true,Requesting an Evaluation in William Floyd UFSD,46,Step-by-step guide to the 60-day special education evaluation timeline in William Floyd UFSD.,93,Requesting a Special Education Evaluation,41,,,https://www.newyorkspecialed.net/districts/william-floyd-ufsd/evaluation-process.html,200,11077,3433,0,8,8,39,0,97,,,,,0,0,0,0,0,0
20,https://www.newyorkspecialed.net/districts/brentwood-ufsd/special-ed-updates.html,200,text/html; charset=utf-8,true,Brentwood UFSD Special Education: Essential Parent Intel & Updates,66,"Stay ahead of Brentwood UFSD special education changes. Get critical news, trends, and advocacy strategies before your child's next CSE meeting.",144,Brentwood UFSD Special Education: Parent Intel,46,,,https://www.newyorkspecialed.net/districts/brentwood-ufsd/special-ed-updates.html,200,6624,1311,1,8,8,40,0,51,,,,,0,0,0,0,0,0
20,https://www.newyorkspecialed.net/districts/nyc-district-20-bay-ridge/leadership-directory.html,200,text/html; charset=utf-8,true,Special Education Contacts: District 20,39,"Direct phone numbers and emails for District 20 Committee on Special Education (CSE), CPSE, and leadership offices.",115,,,,,https://www.newyorkspecialed.net/districts/nyc-district-20-bay-ridge/leadership-directory.html,200,6506,1622,0,9,9,39,0,39,,,,,0,0,0,0,0,0
20,https://www.newyorkspecialed.net/districts/nyc-district-06-washington-heights/partners.html,200,text/html; charset=utf-8,true,Special Education Providers & Support in NYC District 06 Washington Heights | NY Special Ed,91,"Navigating special education in NYC District 06, Washington Heights can be challenging. Learn about CSE meetings, bilingual evaluations, and local advocates.",157,Special Education Providers in NYC District 06 Washington Heights,65,,,https://www.newyorkspecialed.net/districts/nyc-district-06-washington-heights/partners.html,200,5236,838,1,9,9,40,9,69,,,,,0,0,0,0,0,0
20,https://www.newyorkspecialed.net/districts/nyc-district-24-maspeth/cse-meeting-guide.html,200,text/html; charset=utf-8,true,CSE Meeting Guide for District 24,33,"Prepare for your Committee on Special Education meeting in District 24. Tips for Overcrowded schools+IEP services, bilingual (Spanish/Chinese/Polish).",150,Who Must Be in the Room,23,,,https://www.newyorkspecialed.net/districts/nyc-district-24-maspeth/cse-meeting-guide.html,200,10426,3057,0,9,9,39,0,100,,,,,0,0,0,0,0,0
20,https://www.newyorkspecialed.net/districts/nyc-district-22-midwood/parent-advocacy-guide.html,200,text/html; charset=utf-8,true,CSE Advocacy Guide for NYC District 22 Midwood Parents | NY Special Ed,70,"Navigate the CSE process in NYC District 22 Midwood. Understand your rights, IEPs, and advocating for your child's special education needs.",139,Parent Advocacy Guide for NYC District 22 Midwood,49,,,https://www.newyorkspecialed.net/districts/nyc-district-22-midwood/parent-advocacy-guide.html,200,4941,1088,2,1,1,40,0,58,,,,,0,0,0,0,0,0
20,https://www.newyorkspecialed.net/districts/nyc-district-05-central-harlem/evaluation-process.html,200,text/html; charset=utf-8,true,Requesting an Evaluation in District 5,38,Step-by-step guide to the 60-day special education evaluation timeline in District 5.,85,Requesting a Special Education Evaluation,41,,,https://www.newyorkspecialed.net/districts/nyc-district-05-central-harlem/evaluation-process.html,200,10431,3141,0,9,9,39,0,53,,,,,0,0,0,0,0,0
20,https://www.newyorkspecialed.net/districts/nyc-district-21-coney-island/parent-advocacy-guide.html,200,text/html; charset=utf-8,true,CSE Advocacy Guide for NYC District 21 Coney Island Parents | NY Special Ed,75,"A parent's guide to special education in NYC District 21 Coney Island. Learn about CSE meetings, IEPs, parent rights, and how to advocate for your child.",153,Parent Advocacy Guide for NYC District 21 Coney Island,54,,,https://www.newyorkspecialed.net/districts/nyc-district-21-coney-island/parent-advocacy-guide.html,200,5059,1189,1,3,3,40,0,55,,,,,0,0,0,0,0,0
20,https://www.newyorkspecialed.net/districts/greece-csd/partners.html,200,text/html; charset=utf-8,true,Special Education Providers & Support — Greece CSD | NY Special Ed,66,"Find special education advocates and providers serving Greece CSD in Monroe County, NY. Understand your rights, navigate the CSE, and access local support.",155,Special Education Providers in Greece CSD,41,,,https://www.newyorkspecialed.net/districts/greece-csd/partners.html,200,3538,612,2,8,8,8,8,98,,,,,0,0,0,0,0,0
20,https://www.newyorkspecialed.net/districts/nyc-district-29-queens-village/cse-meeting-guide.html,200,text/html; charset=utf-8,true,CSE Meeting Guide for District 29,33,"Prepare for your Committee on Special Education meeting in District 29. Tips for Caribbean bilingual evals, SETSS vs ICT placement, transition services.",152,Navigating Your CSE Meeting,27,,,https://www.newyorkspecialed.net/districts/nyc-district-29-queens-village/cse-meeting-guide.html,200,9392,2531,0,8,8,39,0,59,,,,,0,0,0,0,0,0
20,https://www.newyorkspecialed.net/districts/nyc-district-15-park-slope/cse-meeting-guide.html,200,text/html; charset=utf-8,true,CSE Meeting Guide for District 15,33,"Prepare for your Committee on Special Education meeting in District 15. Tips for Inclusion advocacy, ICT waitlists, gifted+IEP dual services.",141,Navigating the CSE Meeting,26,,,https://www.newyorkspecialed.net/districts/nyc-district-15-park-slope/cse-meeting-guide.html,200,10137,2742,0,9,9,39,0,41,,,,,0,0,0,0,0,0
20,https://www.newyorkspecialed.net/districts/nyc-district-04-east-harlem/partners.html,200,text/html; charset=utf-8,true,Special Education Providers & Support in NYC District 04 East Harlem | NY Special Ed,84,"NYC District 04 East Harlem special education info for parents. Get help with CSE meetings, IEPs, bilingual services, and find local advocates in Manhattan.",156,Special Education Providers in NYC District 04 East Harlem,58,,,https://www.newyorkspecialed.net/districts/nyc-district-04-east-harlem/partners.html,200,5307,853,1,9,9,40,9,56,,,,,0,0,0,0,0,0
20,https://www.newyorkspecialed.net/districts/syracuse-city-sd/discipline-rights.html,200,text/html; charset=utf-8,true,Student Discipline Rights in Syracuse City SD,45,"Suspension, MDR, and discipline rights for students with disabilities in Syracuse City SD.",90,Discipline Rights & the Manifestation Determination Review,58,,,https://www.newyorkspecialed.net/districts/syracuse-city-sd/discipline-rights.html,200,8128,2069,0,9,9,39,0,79,,,,,0,0,0,0,0,0
20,https://www.newyorkspecialed.net/districts/sachem-csd/partners.html,200,text/html; charset=utf-8,true,Special Education Providers & Support — Sachem CSD | NY Special Ed,66,"Find special education advocates and providers for Sachem CSD. Get support navigating the CSE process, IEEs, LRE placements, and transition planning in Suffolk County.",167,Special Education Providers in Sachem CSD,41,,,https://www.newyorkspecialed.net/districts/sachem-csd/partners.html,200,3520,592,2,8,8,8,8,42,,,,,0,0,0,0,0,0
20,https://www.newyorkspecialed.net/districts/nyc-district-11-pelham-parkway/partners.html,200,text/html; charset=utf-8,true,Special Education Providers & Support in NYC District 11 Pelham Parkway | NY Special Ed,87,"Navigate special education in NYC District 11, Pelham Parkway. Understand CSE meetings, IEPs, and your rights. Find local advocates and resources for your child's success.",171,Special Education Providers in NYC District 11 Pelham Parkway,61,,,https://www.newyorkspecialed.net/districts/nyc-district-11-pelham-parkway/partners.html,200,5337,860,1,8,8,40,9,44,,,,,0,0,0,0,0,0
20,https://www.newyorkspecialed.net/districts/nyc-district-28-forest-hills/parent-advocacy-guide.html,200,text/html; charset=utf-8,true,CSE Advocacy Guide for NYC District 28 Forest Hills Parents | NY Special Ed,75,"A parent's guide to navigating CSE meetings, IEPs, and special education advocacy in NYC District 28 Forest Hills. Understand your rights and get the support your child needs.",175,Parent Advocacy Guide for NYC District 28 Forest Hills,54,,,https://www.newyorkspecialed.net/districts/nyc-district-28-forest-hills/parent-advocacy-guide.html,200,4984,1136,1,3,3,40,0,75,,,,,0,0,0,0,0,0
20,https://www.newyorkspecialed.net/districts/poughkeepsie-city-sd/leadership-directory.html,200,text/html; charset=utf-8,true,Special Education Contacts: Poughkeepsie City SD,48,"Direct phone numbers and emails for Poughkeepsie City SD Committee on Special Education (CSE), CPSE, and leadership offices.",124,,,,,https://www.newyorkspecialed.net/districts/poughkeepsie-city-sd/leadership-directory.html,200,6249,1529,0,8,8,39,0,43,,,,,0,0,0,0,0,0
20,https://www.newyorkspecialed.net/districts/nyc-district-32-bushwick/special-ed-updates.html,200,text/html; charset=utf-8,true,District 32 Special Education: Essential Parent Intel & Updates,63,"Stay ahead of District 32 special education changes. Get critical news, trends, and advocacy strategies before your child's next CSE meeting.",141,District 32 Special Education: Parent Intel,43,,,https://www.newyorkspecialed.net/districts/nyc-district-32-bushwick/special-ed-updates.html,200,6630,1320,1,8,8,40,0,41,,,,,0,0,0,0,0,0
20,https://www.newyorkspecialed.net/districts/william-floyd-ufsd/cse-meeting-guide.html,200,text/html; charset=utf-8,true,CSE Meeting Guide for William Floyd UFSD,40,"Prepare for your Committee on Special Education meeting in William Floyd UFSD. Tips for Military families (Brookhaven), transition services, rural LI challenges.",161,Navigating the CSE Meeting,26,,,https://www.newyorkspecialed.net/districts/william-floyd-ufsd/cse-meeting-guide.html,200,9741,2756,0,8,8,39,0,48,,,,,0,0,0,0,0,0
20,https://www.newyorkspecialed.net/districts/nyc-district-14-williamsburg/leadership-directory.html,200,text/html; charset=utf-8,true,Special Education Contacts: District 14,39,"Direct phone numbers and emails for District 14 Committee on Special Education (CSE), CPSE, and leadership offices.",115,,,,,https://www.newyorkspecialed.net/districts/nyc-district-14-williamsburg/leadership-directory.html,200,7521,2104,0,8,8,39,0,99,,,,,0,0,0,0,0,0
20,https://www.newyorkspecialed.net/districts/nyc-district-75/evaluation-process.html,200,text/html; charset=utf-8,true,Requesting an Evaluation in District 75,39,Step-by-step guide to the 60-day special education evaluation timeline in District 75.,86,Requesting a Special Education Evaluation,41,,,https://www.newyorkspecialed.net/districts/nyc-district-75/evaluation-process.html,200,10326,3006,0,9,9,39,0,48,,,,,0,0,0,0,0,0
20,https://www.newyorkspecialed.net/districts/hempstead-ufsd/,200,text/html; charset=utf-8,true,Hempstead UFSD Special Education Hub | newyorkspecialed.net,59,"Complete guide to Special Education in Hempstead UFSD. Contacts, CSE meetings, evaluation timelines, and parent rights.",119,Hempstead UFSD Special Ed Hub,29,,,https://www.newyorkspecialed.net/districts/hempstead-ufsd/,200,7785,1940,0,1,1,41,0,48,,,,,0,0,0,0,0,0
20,https://www.newyorkspecialed.net/districts/nyc-district-08-throgs-neck/discipline-rights.html,200,text/html; charset=utf-8,true,Student Discipline Rights in District 8,39,"Suspension, MDR, and discipline rights for students with disabilities in District 8.",84,Discipline Rights & the Manifestation Determination Review,58,,,https://www.newyorkspecialed.net/districts/nyc-district-08-throgs-neck/discipline-rights.html,200,9122,2453,0,8,8,39,0,42,,,,,0,0,0,0,0,0
20,https://www.newyorkspecialed.net/districts/nyc-district-11-pelham-parkway/evaluation-process.html,200,text/html; charset=utf-8,true,Requesting an Evaluation in District 11,39,Step-by-step guide to the 60-day special education evaluation timeline in District 11.,86,Requesting a Special Education Evaluation,41,,,https://www.newyorkspecialed.net/districts/nyc-district-11-pelham-parkway/evaluation-process.html,200,9930,2882,0,8,8,39,0,50,,,,,0,0,0,0,0,0
20,https://www.newyorkspecialed.net/districts/rochester-city-sd/partners.html,200,text/html; charset=utf-8,true,Special Education Providers & Support in Rochester City SD | NY Special Ed,74,Navigate special education in the Rochester City School District. Understand CSE meetings and IEPs with support from local parent advocates and resources.,154,Special Education Providers in Rochester City SD,48,,,https://www.newyorkspecialed.net/districts/rochester-city-sd/partners.html,200,5217,815,1,9,9,40,9,66,,,,,0,0,0,0,0,0
20,https://www.newyorkspecialed.net/districts/nyc-district-31-staten-island/,200,text/html; charset=utf-8,true,District 31 Special Education Hub | newyorkspecialed.net,56,"Complete guide to Special Education in District 31. Contacts, CSE meetings, evaluation timelines, and parent rights.",116,District 31 Special Ed Hub,26,,,https://www.newyorkspecialed.net/districts/nyc-district-31-staten-island/,200,7804,1774,0,1,1,41,0,37,,,,,0,0,0,0,0,0
20,https://www.newyorkspecialed.net/districts/nyc-district-03-upper-west-side/special-ed-updates.html,200,text/html; charset=utf-8,true,District 3 Special Education: Essential Parent Intel & Updates,62,"Stay ahead of District 3 special education changes. Get critical news, trends, and advocacy strategies before your child's next CSE meeting.",140,District 3 Special Education: Parent Intel,42,,,https://www.newyorkspecialed.net/districts/nyc-district-03-upper-west-side/special-ed-updates.html,200,6496,1234,1,9,9,40,0,50,,,,,0,0,0,0,0,0
20,https://www.newyorkspecialed.net/styles/global.css,200,text/css; charset=utf-8,false,,,,,,,,,,,2216,0,1,0,0,0,0,76,,,,,0,0,0,0,0,0
20,https://www.newyorkspecialed.net/districts/nyc-district-08-throgs-neck/partners.html,200,text/html; charset=utf-8,true,Special Education Providers & Support in NYC District 08 Throgs Neck | NY Special Ed,84,"Navigating special education in NYC District 08, Throgs Neck, can be challenging. Learn about CSE meetings, IEPs, and find local parent advocates to support your child.",168,Special Education Providers in NYC District 08 Throgs Neck,58,,,https://www.newyorkspecialed.net/districts/nyc-district-08-throgs-neck/partners.html,200,5347,854,1,8,8,40,9,102,,,,,0,0,0,0,0,0
20,https://www.newyorkspecialed.net/districts/rochester-city-sd/discipline-rights.html,200,text/html; charset=utf-8,true,Student Discipline Rights in Rochester City SD,46,"Suspension, MDR, and discipline rights for students with disabilities in Rochester City SD.",91,Discipline Rights & the Manifestation Determination Review,58,,,https://www.newyorkspecialed.net/districts/rochester-city-sd/discipline-rights.html,200,8875,2451,0,9,9,39,0,49,,,,,0,0,0,0,0,0
20,https://www.newyorkspecialed.net/districts/nyc-district-31-staten-island/special-ed-updates.html,200,text/html; charset=utf-8,true,District 31 Special Education: Essential Parent Intel & Updates,63,"Stay ahead of District 31 special education changes. Get critical news, trends, and advocacy strategies before your child's next CSE meeting.",141,District 31 Special Education: Parent Intel,43,,,https://www.newyorkspecialed.net/districts/nyc-district-31-staten-island/special-ed-updates.html,200,6556,1246,1,9,9,40,0,50,,,,,0,0,0,0,0,0
20,https://www.newyorkspecialed.net/guides/cpse-preschool-special-education/,200,text/html; charset=utf-8,true,CPSE: Preschool Special Education Guide | newyorkspecialed.net,62,,,"CPSE: Preschool Special Education Guide
Understanding the Committee on Preschool Special Education (CPSE) in New York State","39
83",,,https://www.newyorkspecialed.net/guides/cpse-preschool-special-education/,200,7189,1660,1,0,0,35,0,25,,,,,0,0,0,0,0,0
20,https://www.newyorkspecialed.net/districts/niagara-falls-city-sd/partners.html,200,text/html; charset=utf-8,true,Special Education Providers & Support in Niagara Falls City SD | NY Special Ed,78,"Navigating special education in Niagara Falls City SD? Learn about CSE meetings, IEPs, and your rights. Find local support and advocates for your child.",152,Special Education Providers in Niagara Falls City SD,52,,,https://www.newyorkspecialed.net/districts/niagara-falls-city-sd/partners.html,200,5232,831,1,8,8,40,9,43,,,,,0,0,0,0,0,0
20,https://www.newyorkspecialed.net/districts/mount-vernon-city-sd/partners.html,200,text/html; charset=utf-8,true,Special Education Providers & Support in Mount Vernon City SD | NY Special Ed,77,"Navigating special education in Mount Vernon City SD? Learn about CSE meetings, IEPs, and your rights. Find local advocates and resources to support your child.",160,Special Education Providers in Mount Vernon City SD,51,,,https://www.newyorkspecialed.net/districts/mount-vernon-city-sd/partners.html,200,5302,841,1,8,8,40,9,39,,,,,0,0,0,0,0,0
20,https://www.newyorkspecialed.net/districts/poughkeepsie-city-sd/discipline-rights.html,200,text/html; charset=utf-8,true,Student Discipline Rights in Poughkeepsie City SD,49,"Suspension, MDR, and discipline rights for students with disabilities in Poughkeepsie City SD.",94,Discipline Rights & the Manifestation Determination Review,58,,,https://www.newyorkspecialed.net/districts/poughkeepsie-city-sd/discipline-rights.html,200,9121,2417,0,8,8,39,0,41,,,,,0,0,0,0,0,0
20,https://www.newyorkspecialed.net/districts/mount-vernon-city-sd/evaluation-process.html,200,text/html; charset=utf-8,true,Requesting an Evaluation in Mount Vernon City SD,48,Step-by-step guide to the 60-day special education evaluation timeline in Mount Vernon City SD.,95,Requesting a Special Education Evaluation,41,,,https://www.newyorkspecialed.net/districts/mount-vernon-city-sd/evaluation-process.html,200,10836,3312,0,8,8,39,0,64,,,,,0,0,0,0,0,0
20,https://www.newyorkspecialed.net/districts/nyc-district-29-queens-village/evaluation-process.html,200,text/html; charset=utf-8,true,Requesting an Evaluation in District 29,39,Step-by-step guide to the 60-day special education evaluation timeline in District 29.,86,Requesting a Special Education Evaluation,41,,,https://www.newyorkspecialed.net/districts/nyc-district-29-queens-village/evaluation-process.html,200,9878,2831,0,8,8,39,0,73,,,,,0,0,0,0,0,0
20,https://www.newyorkspecialed.net/districts/buffalo-city-sd/parent-advocacy-guide.html,200,text/html; charset=utf-8,true,CSE Advocacy Guide for Buffalo City SD Parents | NY Special Ed,62,A guide for Buffalo City SD parents navigating CSE meetings and IEPs. Understand your rights and learn how to advocate for your child's special education needs.,160,Parent Advocacy Guide for Buffalo City SD,41,,,https://www.newyorkspecialed.net/districts/buffalo-city-sd/parent-advocacy-guide.html,200,5302,1270,2,1,1,40,0,53,,,,,0,0,0,0,0,0
20,https://www.newyorkspecialed.net/districts/nyc-district-07-south-bronx/evaluation-process.html,200,text/html; charset=utf-8,true,Requesting an Evaluation in District 7,38,Step-by-step guide to the 60-day special education evaluation timeline in District 7.,85,Requesting a Special Education Evaluation,41,,,https://www.newyorkspecialed.net/districts/nyc-district-07-south-bronx/evaluation-process.html,200,10506,3132,0,8,8,39,0,126,,,,,0,0,0,0,0,0
20,https://www.newyorkspecialed.net/districts/nyc-district-20-bay-ridge/parent-advocacy-guide.html,200,text/html; charset=utf-8,true,CSE Advocacy Guide for NYC District 20 Bay Ridge Parents | NY Special Ed,72,"A parent's guide to navigating the special education process in NYC District 20 Bay Ridge. Learn about CSE meetings, IEPs, parent rights, and advocacy tips.",156,Parent Advocacy Guide for NYC District 20 Bay Ridge,51,,,https://www.newyorkspecialed.net/districts/nyc-district-20-bay-ridge/parent-advocacy-guide.html,200,4949,1106,2,1,1,40,0,102,,,,,0,0,0,0,0,0
20,https://www.newyorkspecialed.net/districts/nyc-district-14-williamsburg/partners.html,200,text/html; charset=utf-8,true,Special Education Providers & Support in NYC District 14 Williamsburg | NY Special Ed,85,"Navigating special education in NYC District 14, Williamsburg? Understand CSE meetings, IEPs, and your rights. Find local advocates and resources for your child's success.",171,Special Education Providers in NYC District 14 Williamsburg,59,,,https://www.newyorkspecialed.net/districts/nyc-district-14-williamsburg/partners.html,200,5296,836,1,8,8,40,9,79,,,,,0,0,0,0,0,0
20,https://www.newyorkspecialed.net/districts/nyc-district-29-queens-village/leadership-directory.html,200,text/html; charset=utf-8,true,Special Education Contacts: District 29,39,"Direct phone numbers and emails for District 29 Committee on Special Education (CSE), CPSE, and leadership offices.",115,,,,,https://www.newyorkspecialed.net/districts/nyc-district-29-queens-village/leadership-directory.html,200,6234,1522,0,8,8,39,0,60,,,,,0,0,0,0,0,0
20,https://www.newyorkspecialed.net/districts/sachem-csd/special-ed-updates.html,200,text/html; charset=utf-8,true,Special Education Updates — Sachem CSD | NY Special Ed,54,"Stay informed on Sachem CSD special education news and policy updates. Track budget changes, IEP procedures, and more for your child's education.",145,Special Education Updates for Sachem CSD,40,,,https://www.newyorkspecialed.net/districts/sachem-csd/special-ed-updates.html,200,1856,275,2,8,8,6,2,40,,,,,0,0,0,0,0,0
20,https://www.newyorkspecialed.net/districts/nyc-district-19-east-new-york/,200,text/html; charset=utf-8,true,District 19 Special Education Hub | newyorkspecialed.net,56,"Complete guide to Special Education in District 19. Contacts, CSE meetings, evaluation timelines, and parent rights.",116,District 19 Special Ed Hub,26,,,https://www.newyorkspecialed.net/districts/nyc-district-19-east-new-york/,200,7452,1784,0,1,1,41,0,47,,,,,0,0,0,0,0,0
20,https://www.newyorkspecialed.net/districts/nyc-district-17-crown-heights/parent-advocacy-guide.html,200,text/html; charset=utf-8,true,CSE Advocacy Guide for NYC District 17 Crown Heights Parents | NY Special Ed,76,"A parent's guide to navigating the CSE process in NYC District 17 Crown Heights. Learn about parent rights, IEPs, and effective advocacy for your child's special education needs.",178,Parent Advocacy Guide for NYC District 17 Crown Heights,55,,,https://www.newyorkspecialed.net/districts/nyc-district-17-crown-heights/parent-advocacy-guide.html,200,4697,992,1,3,3,40,0,36,,,,,0,0,0,0,0,0
20,https://www.newyorkspecialed.net/districts/nyc-district-13-brooklyn-heights/cse-meeting-guide.html,200,text/html; charset=utf-8,true,CSE Meeting Guide for District 13,33,"Prepare for your Committee on Special Education meeting in District 13. Tips for Private placement advocacy, Carter Cases, inclusion models.",140,Who Must Be in the Room,23,,,https://www.newyorkspecialed.net/districts/nyc-district-13-brooklyn-heights/cse-meeting-guide.html,200,10564,3002,0,9,9,39,0,510,,,,,0,0,0,0,0,0
20,https://www.newyorkspecialed.net/districts/nyc-district-30-astoria/evaluation-process.html,200,text/html; charset=utf-8,true,Requesting an Evaluation in District 30,39,Step-by-step guide to the 60-day special education evaluation timeline in District 30.,86,Requesting a Special Education Evaluation,41,,,https://www.newyorkspecialed.net/districts/nyc-district-30-astoria/evaluation-process.html,200,9839,2809,0,9,9,39,0,133,,,,,0,0,0,0,0,0
20,https://www.newyorkspecialed.net/districts/nyc-district-07-south-bronx/leadership-directory.html,200,text/html; charset=utf-8,true,Special Education Contacts: District 7,38,"Direct phone numbers and emails for District 7 Committee on Special Education (CSE), CPSE, and leadership offices.",114,,,,,https://www.newyorkspecialed.net/districts/nyc-district-07-south-bronx/leadership-directory.html,200,6917,1845,0,8,8,39,0,36,,,,,0,0,0,0,0,0
19,https://www.newyorkspecialed.net/districts/nyc-district-04-east-harlem,200,text/html; charset=utf-8,false,District 4 Special Education Hub | newyorkspecialed.net,55,"Complete guide to Special Education in District 4. Contacts, CSE meetings, evaluation timelines, and parent rights.",115,District 4 Special Ed Hub,25,,,https://www.newyorkspecialed.net/districts/nyc-district-04-east-harlem/,200,8135,2040,0,510,510,40,0,52,,,,,0,0,0,0,0,0
19,https://www.newyorkspecialed.net/districts/nyc-district-30-astoria,200,text/html; charset=utf-8,false,District 30 Special Education Hub | newyorkspecialed.net,56,"Complete guide to Special Education in District 30. Contacts, CSE meetings, evaluation timelines, and parent rights.",116,District 30 Special Ed Hub,26,,,https://www.newyorkspecialed.net/districts/nyc-district-30-astoria/,200,8317,2155,0,510,510,40,0,49,,,,,0,0,0,0,0,0
19,https://www.newyorkspecialed.net/districts/nyc-district-06-washington-heights,200,text/html; charset=utf-8,false,District 6 Special Education Hub | newyorkspecialed.net,55,"Complete guide to Special Education in District 6. Contacts, CSE meetings, evaluation timelines, and parent rights.",115,District 6 Special Ed Hub,25,,,https://www.newyorkspecialed.net/districts/nyc-district-06-washington-heights/,200,7446,1682,0,510,510,40,0,61,,,,,0,0,0,0,0,0
19,https://www.newyorkspecialed.net/guides/evaluation-request-ny,200,text/html; charset=utf-8,false,How to Request a Special Ed Evaluation in NY | newyorkspecialed.net,67,,,"How to Request a Special Ed Evaluation in NY
Requesting an Initial Special Education Evaluation in New York: Your Actionable Guide","44
85",,,https://www.newyorkspecialed.net/guides/evaluation-request-ny/,200,8593,1682,0,512,512,34,0,48,,,,,0,0,0,0,0,0
19,https://www.newyorkspecialed.net/guides/dispute-resolution-ny,200,text/html; charset=utf-8,false,NY Dispute Resolution & Impartial Hearings | newyorkspecialed.net,65,,,"NY Dispute Resolution & Impartial Hearings
Special Education Dispute Resolution in New York: A Comprehensive Guide","42
71",,,https://www.newyorkspecialed.net/guides/dispute-resolution-ny/,200,6996,1438,0,512,512,34,0,13,,,,,0,0,0,0,0,0
19,https://www.newyorkspecialed.net/districts/yonkers-city-sd,200,text/html; charset=utf-8,false,Yonkers City SD Special Education Hub | newyorkspecialed.net,60,"Complete guide to Special Education in Yonkers City SD. Contacts, CSE meetings, evaluation timelines, and parent rights.",120,Yonkers City SD Special Ed Hub,30,,,https://www.newyorkspecialed.net/districts/yonkers-city-sd/,200,7459,1697,0,510,510,40,0,66,,,,,0,0,0,0,0,0
19,https://www.newyorkspecialed.net/districts/syracuse-city-sd,200,text/html; charset=utf-8,false,Syracuse City SD Special Education Hub | newyorkspecialed.net,61,"Complete guide to Special Education in Syracuse City SD. Contacts, CSE meetings, evaluation timelines, and parent rights.",121,Syracuse City SD Special Ed Hub,31,,,https://www.newyorkspecialed.net/districts/syracuse-city-sd/,200,7964,1980,0,510,510,40,0,46,,,,,0,0,0,0,0,0
19,https://www.newyorkspecialed.net/districts/nyc-district-26-bayside,200,text/html; charset=utf-8,false,District 26 Special Education Hub | newyorkspecialed.net,56,"Complete guide to Special Education in District 26. Contacts, CSE meetings, evaluation timelines, and parent rights.",116,District 26 Special Ed Hub,26,,,https://www.newyorkspecialed.net/districts/nyc-district-26-bayside/,200,8183,2028,0,510,510,40,0,55,,,,,0,0,0,0,0,0
19,https://www.newyorkspecialed.net/images/logo.png,200,image/png,false,,,,,,,,,,,48201,0,1,0,0,0,0,106,,,,,0,0,0,0,0,0
19,https://www.newyorkspecialed.net/privacy-policy,200,text/html; charset=utf-8,false,Privacy Policy | newyorkspecialed.net,37,,,Privacy Policy,14,,,https://www.newyorkspecialed.net/privacy-policy/,200,5591,1039,1,512,512,34,0,154,,,,,0,0,0,0,0,0
19,https://www.newyorkspecialed.net/contact,200,text/html; charset=utf-8,false,Contact Us | newyorkspecialed.net,33,,,"Contact Us
Contact newyorkspecialed.net","10
28",,,https://www.newyorkspecialed.net/contact/,200,4012,354,0,517,517,34,0,69,,,,,0,0,0,0,0,0
19,https://www.newyorkspecialed.net/districts/nys-overview,200,text/html; charset=utf-8,false,Districts | NY Special Education Resources,42,,,Districts,9,,,https://www.newyorkspecialed.net/districts/nys-overview/,200,3280,263,0,512,512,35,0,57,,,,,0,0,0,0,0,0
19,https://www.newyorkspecialed.net/districts/nyc-district-13-brooklyn-heights,200,text/html; charset=utf-8,false,District 13 Special Education Hub | newyorkspecialed.net,56,"Complete guide to Special Education in District 13. Contacts, CSE meetings, evaluation timelines, and parent rights.",116,District 13 Special Ed Hub,26,,,https://www.newyorkspecialed.net/districts/nyc-district-13-brooklyn-heights/,200,8572,2161,0,510,510,40,0,50,,,,,0,0,0,0,0,0
19,https://www.newyorkspecialed.net/districts/nyc-district-02-upper-east-side,200,text/html; charset=utf-8,false,District 2 Special Education Hub | newyorkspecialed.net,55,"Complete guide to Special Education in District 2. Contacts, CSE meetings, evaluation timelines, and parent rights.",115,District 2 Special Ed Hub,25,,,https://www.newyorkspecialed.net/districts/nyc-district-02-upper-east-side/,200,8155,2057,0,510,510,40,0,50,,,,,0,0,0,0,0,0
19,https://www.newyorkspecialed.net/districts/nyc-district-05-central-harlem,200,text/html; charset=utf-8,false,District 5 Special Education Hub | newyorkspecialed.net,55,"Complete guide to Special Education in District 5. Contacts, CSE meetings, evaluation timelines, and parent rights.",115,District 5 Special Ed Hub,25,,,https://www.newyorkspecialed.net/districts/nyc-district-05-central-harlem/,200,8032,1921,0,510,510,40,0,130,,,,,0,0,0,0,0,0
19,https://www.newyorkspecialed.net/guides/cse-meeting-guide,200,text/html; charset=utf-8,false,New York State CSE Meeting Guide | New York Special Ed,54,A comprehensive parent guide to navigating the Committee on Special Education (CSE) meetings in New York State.,111,New York State CSE Meeting Guide,32,,,https://www.newyorkspecialed.net/guides/cse-meeting-guide/,200,6395,1395,0,512,512,32,0,53,,,,,0,0,0,0,0,0
19,https://www.newyorkspecialed.net/guides/carter-cases-private-placement,200,text/html; charset=utf-8,false,Carter Cases & Private Placements | newyorkspecialed.net,56,,,Carter Cases & Private Placements,33,,,https://www.newyorkspecialed.net/guides/carter-cases-private-placement/,200,7794,1911,0,510,510,34,0,74,,,,,0,0,0,0,0,0
19,https://www.newyorkspecialed.net/districts/albany-city-sd,200,text/html; charset=utf-8,false,Albany City SD Special Education Hub | newyorkspecialed.net,59,"Complete guide to Special Education in Albany City SD. Contacts, CSE meetings, evaluation timelines, and parent rights.",119,Albany City SD Special Ed Hub,29,,,https://www.newyorkspecialed.net/districts/albany-city-sd/,200,8722,2307,0,510,510,40,0,62,,,,,0,0,0,0,0,0
19,https://www.newyorkspecialed.net/districts/rochester-city-sd,200,text/html; charset=utf-8,false,Rochester City SD Special Education Hub | newyorkspecialed.net,62,"Complete guide to Special Education in Rochester City SD. Contacts, CSE meetings, evaluation timelines, and parent rights.",122,Rochester City SD Special Ed Hub,32,,,https://www.newyorkspecialed.net/districts/rochester-city-sd/,200,8016,1973,0,510,510,40,0,40,,,,,0,0,0,0,0,0
19,https://www.newyorkspecialed.net/districts/nyc-district-03-upper-west-side,200,text/html; charset=utf-8,false,District 3 Special Education Hub | newyorkspecialed.net,55,"Complete guide to Special Education in District 3. Contacts, CSE meetings, evaluation timelines, and parent rights.",115,District 3 Special Ed Hub,25,,,https://www.newyorkspecialed.net/districts/nyc-district-03-upper-west-side/,200,8424,2069,0,510,510,40,0,50,,,,,0,0,0,0,0,0
19,https://www.newyorkspecialed.net/districts/nyc-district-31-staten-island,200,text/html; charset=utf-8,false,District 31 Special Education Hub | newyorkspecialed.net,56,"Complete guide to Special Education in District 31. Contacts, CSE meetings, evaluation timelines, and parent rights.",116,District 31 Special Ed Hub,26,,,https://www.newyorkspecialed.net/districts/nyc-district-31-staten-island/,200,7804,1774,0,510,510,40,0,83,,,,,0,0,0,0,0,0
19,https://www.newyorkspecialed.net/districts/nyc-district-15-park-slope,200,text/html; charset=utf-8,false,District 15 Special Education Hub | newyorkspecialed.net,56,"Complete guide to Special Education in District 15. Contacts, CSE meetings, evaluation timelines, and parent rights.",116,District 15 Special Ed Hub,26,,,https://www.newyorkspecialed.net/districts/nyc-district-15-park-slope/,200,7777,1786,0,510,510,40,0,68,,,,,0,0,0,0,0,0
19,https://www.newyorkspecialed.net/guides/bilingual-iep-new-york,200,text/html; charset=utf-8,false,Bilingual IEPs & Evaluations in NY | newyorkspecialed.net,57,,,Bilingual IEPs & Evaluations in NY,34,,,https://www.newyorkspecialed.net/guides/bilingual-iep-new-york/,200,7136,1717,0,512,512,34,0,128,,,,,0,0,0,0,0,0
19,https://www.newyorkspecialed.net/guides/cpse-preschool-special-education,200,text/html; charset=utf-8,false,CPSE: Preschool Special Education Guide | newyorkspecialed.net,62,,,"CPSE: Preschool Special Education Guide
Understanding the Committee on Preschool Special Education (CPSE) in New York State","39
83",,,https://www.newyorkspecialed.net/guides/cpse-preschool-special-education/,200,7189,1660,0,510,510,34,0,54,,,,,0,0,0,0,0,0
19,https://www.newyorkspecialed.net/districts/nyc-district-20-bay-ridge,200,text/html; charset=utf-8,false,District 20 Special Education Hub | newyorkspecialed.net,56,"Complete guide to Special Education in District 20. Contacts, CSE meetings, evaluation timelines, and parent rights.",116,District 20 Special Ed Hub,26,,,https://www.newyorkspecialed.net/districts/nyc-district-20-bay-ridge/,200,7861,1919,0,510,510,40,0,51,,,,,0,0,0,0,0,0
19,https://www.newyorkspecialed.net/districts/nyc-district-75,200,text/html; charset=utf-8,false,District 75 Special Education Hub | newyorkspecialed.net,56,"Complete guide to Special Education in District 75. Contacts, CSE meetings, evaluation timelines, and parent rights.",116,District 75 Special Ed Hub,26,,,https://www.newyorkspecialed.net/districts/nyc-district-75/,200,7987,1973,0,510,510,40,0,93,,,,,0,0,0,0,0,0
19,https://www.newyorkspecialed.net/about,200,text/html; charset=utf-8,false,About Rachel Whitcomb | New York Special Ed,43,Rachel Whitcomb is the founder of New York Special Ed and the parent of a twice-exceptional daughter whose story — and a single phrase from a teacher — changed the course of her life.,183,Rachel Whitcomb,15,,,https://www.newyorkspecialed.net/about/,200,11323,2028,0,512,512,15,0,52,,,,,0,0,0,0,0,0
19,https://www.newyorkspecialed.net/sitemap.xml,200,application/xml,false,,,,,,,,,,,2255,0,,513,513,0,0,13,,,,,0,0,0,0,0,0
19,https://www.newyorkspecialed.net/districts/nyc-district-01-lower-east-side,200,text/html; charset=utf-8,false,District 1 Special Education Hub | newyorkspecialed.net,55,"Complete guide to Special Education in District 1. Contacts, CSE meetings, evaluation timelines, and parent rights.",115,District 1 Special Ed Hub,25,,,https://www.newyorkspecialed.net/districts/nyc-district-01-lower-east-side/,200,7744,1790,0,510,510,40,0,16,,,,,0,0,0,0,0,0
19,https://www.newyorkspecialed.net/districts/buffalo-city-sd,200,text/html; charset=utf-8,false,Buffalo City SD Special Education Hub | newyorkspecialed.net,60,"Complete guide to Special Education in Buffalo City SD. Contacts, CSE meetings, evaluation timelines, and parent rights.",120,Buffalo City SD Special Ed Hub,30,,,https://www.newyorkspecialed.net/districts/buffalo-city-sd/,200,8716,2347,0,510,510,40,0,81,,,,,0,0,0,0,0,0
2,https://www.newyorkspecialed.net/guides/parent-advocacy-guide.html,404,text/plain; charset=utf-8,false,,,,,,,,,,,79,0,1,60,60,0,0,14,,,,,0,0,0,0,0,0
2,https://www.newyorkspecialed.net/styles/partners.css,404,text/plain; charset=utf-8,false,,,,,,,,,,,79,0,2,0,0,0,0,48,,,,,0,0,0,0,0,0
1,https://www.newyorkspecialed.net/districts/nyc-district-24-maspeth,200,text/html; charset=utf-8,false,District 24 Special Education Hub | newyorkspecialed.net,56,"Complete guide to Special Education in District 24. Contacts, CSE meetings, evaluation timelines, and parent rights.",116,District 24 Special Ed Hub,26,,,https://www.newyorkspecialed.net/districts/nyc-district-24-maspeth/,200,7706,1862,0,19,19,41,0,54,,,,,0,0,0,0,0,0
1,https://www.newyorkspecialed.net/districts/nyc-district-22-midwood,200,text/html; charset=utf-8,false,District 22 Special Education Hub | newyorkspecialed.net,56,"Complete guide to Special Education in District 22. Contacts, CSE meetings, evaluation timelines, and parent rights.",116,District 22 Special Ed Hub,26,,,https://www.newyorkspecialed.net/districts/nyc-district-22-midwood/,200,7810,1825,0,19,19,41,0,43,,,,,0,0,0,0,0,0
0,https://www.newyorkspecialed.net/districts/nyc-district-30-astoria/index.html,200,text/html; charset=utf-8,false,District 30 Special Education Hub | newyorkspecialed.net,56,"Complete guide to Special Education in District 30. Contacts, CSE meetings, evaluation timelines, and parent rights.",116,District 30 Special Ed Hub,26,,,https://www.newyorkspecialed.net/districts/nyc-district-30-astoria/,200,8317,2155,1,10,10,40,0,56,,,,,0,0,0,0,0,0
0,https://www.newyorkspecialed.net/districts/nyc-district-03-upper-west-side/index.html,200,text/html; charset=utf-8,false,District 3 Special Education Hub | newyorkspecialed.net,55,"Complete guide to Special Education in District 3. Contacts, CSE meetings, evaluation timelines, and parent rights.",115,District 3 Special Ed Hub,25,,,https://www.newyorkspecialed.net/districts/nyc-district-03-upper-west-side/,200,8424,2069,1,10,10,40,0,135,,,,,0,0,0,0,0,0
0,https://www.newyorkspecialed.net/districts/nyc-district-15-park-slope/index.html,200,text/html; charset=utf-8,false,District 15 Special Education Hub | newyorkspecialed.net,56,"Complete guide to Special Education in District 15. Contacts, CSE meetings, evaluation timelines, and parent rights.",116,District 15 Special Ed Hub,26,,,https://www.newyorkspecialed.net/districts/nyc-district-15-park-slope/,200,7777,1786,1,10,10,40,0,60,,,,,0,0,0,0,0,0
0,https://www.newyorkspecialed.net/districts/greece-csd/index.html,200,text/html; charset=utf-8,false,Special Education Resources — Greece CSD | NY Special Ed,56,Navigating special education in Greece CSD can be challenging. Understand your rights in the CSE process. Get support and resources for your child's IEP.,153,Special Education Resources in Greece CSD,41,,,https://www.newyorkspecialed.net/districts/greece-csd/,200,2120,310,1,9,9,7,0,46,,,,,0,0,0,0,0,0
0,https://www.newyorkspecialed.net/districts/newburgh-enlarged-city-sd/index.html,200,text/html; charset=utf-8,false,Newburgh Enlarged City SD Special Education Hub | newyorkspecialed.net,70,"Complete guide to Special Education in Newburgh Enlarged City SD. Contacts, CSE meetings, evaluation timelines, and parent rights.",130,Newburgh Enlarged City SD Special Ed Hub,40,,,https://www.newyorkspecialed.net/districts/newburgh-enlarged-city-sd/,200,7747,2007,1,9,9,40,0,56,,,,,0,0,0,0,0,0
0,https://www.newyorkspecialed.net/districts/nyc-district-79/index.html,200,text/html; charset=utf-8,false,District 79 Special Education Hub | newyorkspecialed.net,56,"Complete guide to Special Education in District 79. Contacts, CSE meetings, evaluation timelines, and parent rights.",116,District 79 Special Ed Hub,26,,,https://www.newyorkspecialed.net/districts/nyc-district-79/,200,7640,1849,1,9,9,40,0,44,,,,,0,0,0,0,0,0
0,https://www.newyorkspecialed.net/districts/nyc-district-20-bay-ridge/index.html,200,text/html; charset=utf-8,false,District 20 Special Education Hub | newyorkspecialed.net,56,"Complete guide to Special Education in District 20. Contacts, CSE meetings, evaluation timelines, and parent rights.",116,District 20 Special Ed Hub,26,,,https://www.newyorkspecialed.net/districts/nyc-district-20-bay-ridge/,200,7861,1919,1,10,10,40,0,62,,,,,0,0,0,0,0,0
0,https://www.newyorkspecialed.net/districts/nyc-district-27-rockaway/index.html,200,text/html; charset=utf-8,false,District 27 Special Education Hub | newyorkspecialed.net,56,"Complete guide to Special Education in District 27. Contacts, CSE meetings, evaluation timelines, and parent rights.",116,District 27 Special Ed Hub,26,,,https://www.newyorkspecialed.net/districts/nyc-district-27-rockaway/,200,8048,2085,1,9,9,40,0,47,,,,,0,0,0,0,0,0
0,https://www.newyorkspecialed.net/districts/nyc-district-05-central-harlem/index.html,200,text/html; charset=utf-8,false,District 5 Special Education Hub | newyorkspecialed.net,55,"Complete guide to Special Education in District 5. Contacts, CSE meetings, evaluation timelines, and parent rights.",115,District 5 Special Ed Hub,25,,,https://www.newyorkspecialed.net/districts/nyc-district-05-central-harlem/,200,8032,1921,1,10,10,40,0,80,,,,,0,0,0,0,0,0
0,https://www.newyorkspecialed.net/districts/nyc-district-21-coney-island/index.html,200,text/html; charset=utf-8,false,District 21 Special Education Hub | newyorkspecialed.net,56,"Complete guide to Special Education in District 21. Contacts, CSE meetings, evaluation timelines, and parent rights.",116,District 21 Special Ed Hub,26,,,https://www.newyorkspecialed.net/districts/nyc-district-21-coney-island/,200,7689,1902,1,9,9,40,0,48,,,,,0,0,0,0,0,0
0,https://www.newyorkspecialed.net/districts/nyc-district-25-flushing/index.html,200,text/html; charset=utf-8,false,District 25 Special Education Hub | newyorkspecialed.net,56,"Complete guide to Special Education in District 25. Contacts, CSE meetings, evaluation timelines, and parent rights.",116,District 25 Special Ed Hub,26,,,https://www.newyorkspecialed.net/districts/nyc-district-25-flushing/,200,7782,1949,1,9,9,40,0,87,,,,,0,0,0,0,0,0
0,https://www.newyorkspecialed.net/districts/nyc-district-22-midwood/index.html,200,text/html; charset=utf-8,false,District 22 Special Education Hub | newyorkspecialed.net,56,"Complete guide to Special Education in District 22. Contacts, CSE meetings, evaluation timelines, and parent rights.",116,District 22 Special Ed Hub,26,,,https://www.newyorkspecialed.net/districts/nyc-district-22-midwood/,200,7810,1825,1,10,10,40,0,62,,,,,0,0,0,0,0,0
0,https://www.newyorkspecialed.net/districts/nyc-district-08-throgs-neck/index.html,200,text/html; charset=utf-8,false,District 8 Special Education Hub | newyorkspecialed.net,55,"Complete guide to Special Education in District 8. Contacts, CSE meetings, evaluation timelines, and parent rights.",115,District 8 Special Ed Hub,25,,,https://www.newyorkspecialed.net/districts/nyc-district-08-throgs-neck/,200,8018,2107,1,9,9,40,0,39,,,,,0,0,0,0,0,0
0,https://www.newyorkspecialed.net/districts/nys-overview/index.html,200,text/html; charset=utf-8,false,Districts | NY Special Education Resources,42,,,Districts,9,,,https://www.newyorkspecialed.net/districts/nys-overview/,200,3280,263,1,2,2,35,0,44,,,,,0,0,0,0,0,0
0,https://www.newyorkspecialed.net/districts/buffalo-city-sd/index.html,200,text/html; charset=utf-8,false,Buffalo City SD Special Education Hub | newyorkspecialed.net,60,"Complete guide to Special Education in Buffalo City SD. Contacts, CSE meetings, evaluation timelines, and parent rights.",120,Buffalo City SD Special Ed Hub,30,,,https://www.newyorkspecialed.net/districts/buffalo-city-sd/,200,8716,2347,1,10,10,40,0,50,,,,,0,0,0,0,0,0
0,https://www.newyorkspecialed.net/districts/nyc-district-11-pelham-parkway/index.html,200,text/html; charset=utf-8,false,District 11 Special Education Hub | newyorkspecialed.net,56,"Complete guide to Special Education in District 11. Contacts, CSE meetings, evaluation timelines, and parent rights.",116,District 11 Special Ed Hub,26,,,https://www.newyorkspecialed.net/districts/nyc-district-11-pelham-parkway/,200,7555,1838,1,9,9,40,0,37,,,,,0,0,0,0,0,0
0,https://www.newyorkspecialed.net/districts/nyc-district-14-williamsburg/index.html,200,text/html; charset=utf-8,false,District 14 Special Education Hub | newyorkspecialed.net,56,"Complete guide to Special Education in District 14. Contacts, CSE meetings, evaluation timelines, and parent rights.",116,District 14 Special Ed Hub,26,,,https://www.newyorkspecialed.net/districts/nyc-district-14-williamsburg/,200,7754,1872,1,9,9,40,0,42,,,,,0,0,0,0,0,0
0,https://www.newyorkspecialed.net/districts/nyc-district-24-maspeth/index.html,200,text/html; charset=utf-8,false,District 24 Special Education Hub | newyorkspecialed.net,56,"Complete guide to Special Education in District 24. Contacts, CSE meetings, evaluation timelines, and parent rights.",116,District 24 Special Ed Hub,26,,,https://www.newyorkspecialed.net/districts/nyc-district-24-maspeth/,200,7706,1862,1,10,10,40,0,60,,,,,0,0,0,0,0,0
0,https://newyorkspecialed.net/,307,text/plain,false,,,,,,,,,,,15,0,0,0,0,0,0,17,https://www.newyorkspecialed.net/,200,https://www.newyorkspecialed.net/,200,0,2,0,2,1,2
0,https://www.newyorkspecialed.net/districts/nyc-district-23-brownsville/index.html,200,text/html; charset=utf-8,false,District 23 Special Education Hub | newyorkspecialed.net,56,"Complete guide to Special Education in District 23. Contacts, CSE meetings, evaluation timelines, and parent rights.",116,District 23 Special Ed Hub,26,,,https://www.newyorkspecialed.net/districts/nyc-district-23-brownsville/,200,7608,1862,1,9,9,40,0,50,,,,,0,0,0,0,0,0
0,https://www.newyorkspecialed.net/districts/nyc-district-26-bayside/index.html,200,text/html; charset=utf-8,false,District 26 Special Education Hub | newyorkspecialed.net,56,"Complete guide to Special Education in District 26. Contacts, CSE meetings, evaluation timelines, and parent rights.",116,District 26 Special Ed Hub,26,,,https://www.newyorkspecialed.net/districts/nyc-district-26-bayside/,200,8183,2028,1,10,10,40,0,59,,,,,0,0,0,0,0,0
0,https://www.newyorkspecialed.net/districts/nyc-district-07-south-bronx/index.html,200,text/html; charset=utf-8,false,District 7 Special Education Hub | newyorkspecialed.net,55,"Complete guide to Special Education in District 7. Contacts, CSE meetings, evaluation timelines, and parent rights.",115,District 7 Special Ed Hub,25,,,https://www.newyorkspecialed.net/districts/nyc-district-07-south-bronx/,200,7657,1939,1,9,9,40,0,40,,,,,0,0,0,0,0,0
0,https://www.newyorkspecialed.net/districts/nyc-district-28-forest-hills/index.html,200,text/html; charset=utf-8,false,District 28 Special Education Hub | newyorkspecialed.net,56,"Complete guide to Special Education in District 28. Contacts, CSE meetings, evaluation timelines, and parent rights.",116,District 28 Special Ed Hub,26,,,https://www.newyorkspecialed.net/districts/nyc-district-28-forest-hills/,200,7368,1773,1,9,9,40,0,47,,,,,0,0,0,0,0,0
0,https://www.newyorkspecialed.net/districts/mount-vernon-city-sd/index.html,200,text/html; charset=utf-8,false,Mount Vernon City SD Special Education Hub | newyorkspecialed.net,65,"Complete guide to Special Education in Mount Vernon City SD. Contacts, CSE meetings, evaluation timelines, and parent rights.",125,Mount Vernon City SD Special Ed Hub,35,,,https://www.newyorkspecialed.net/districts/mount-vernon-city-sd/,200,7331,1777,1,9,9,40,0,64,,,,,0,0,0,0,0,0
0,https://www.newyorkspecialed.net/districts/nyc-district-04-east-harlem/index.html,200,text/html; charset=utf-8,false,District 4 Special Education Hub | newyorkspecialed.net,55,"Complete guide to Special Education in District 4. Contacts, CSE meetings, evaluation timelines, and parent rights.",115,District 4 Special Ed Hub,25,,,https://www.newyorkspecialed.net/districts/nyc-district-04-east-harlem/,200,8135,2040,1,10,10,40,0,65,,,,,0,0,0,0,0,0
0,https://www.newyorkspecialed.net/districts/schenectady-city-sd/index.html,200,text/html; charset=utf-8,false,Schenectady City SD Special Education Hub | newyorkspecialed.net,64,"Complete guide to Special Education in Schenectady City SD. Contacts, CSE meetings, evaluation timelines, and parent rights.",124,Schenectady City SD Special Ed Hub,34,,,https://www.newyorkspecialed.net/districts/schenectady-city-sd/,200,7630,1884,1,9,9,40,0,69,,,,,0,0,0,0,0,0
0,https://www.newyorkspecialed.net/districts/brentwood-ufsd/index.html,200,text/html; charset=utf-8,false,Brentwood UFSD Special Education Hub | newyorkspecialed.net,59,"Complete guide to Special Education in Brentwood UFSD. Contacts, CSE meetings, evaluation timelines, and parent rights.",119,Brentwood UFSD Special Ed Hub,29,,,https://www.newyorkspecialed.net/districts/brentwood-ufsd/,200,7326,1727,1,9,9,40,0,55,,,,,0,0,0,0,0,0
0,https://www.newyorkspecialed.net/districts/rochester-city-sd/index.html,200,text/html; charset=utf-8,false,Rochester City SD Special Education Hub | newyorkspecialed.net,62,"Complete guide to Special Education in Rochester City SD. Contacts, CSE meetings, evaluation timelines, and parent rights.",122,Rochester City SD Special Ed Hub,32,,,https://www.newyorkspecialed.net/districts/rochester-city-sd/,200,8016,1973,1,10,10,40,0,36,,,,,0,0,0,0,0,0
0,http://www.newyorkspecialed.net/,308,text/plain,false,,,,,,,,,,,14,0,0,0,0,0,0,3,https://www.newyorkspecialed.net/,200,https://www.newyorkspecialed.net/,200,0,0,0,0,0,0
0,https://www.newyorkspecialed.net/districts/freeport-ufsd/index.html,200,text/html; charset=utf-8,false,Freeport UFSD Special Education Hub | newyorkspecialed.net,58,"Complete guide to Special Education in Freeport UFSD. Contacts, CSE meetings, evaluation timelines, and parent rights.",118,Freeport UFSD Special Ed Hub,28,,,https://www.newyorkspecialed.net/districts/freeport-ufsd/,200,7286,1726,1,9,9,40,0,38,,,,,0,0,0,0,0,0
0,https://www.newyorkspecialed.net/districts/nyc-district-12-soundview/index.html,200,text/html; charset=utf-8,false,District 12 Special Education Hub | newyorkspecialed.net,56,"Complete guide to Special Education in District 12. Contacts, CSE meetings, evaluation timelines, and parent rights.",116,District 12 Special Ed Hub,26,,,https://www.newyorkspecialed.net/districts/nyc-district-12-soundview/,200,7868,1918,1,9,9,40,0,50,,,,,0,0,0,0,0,0
0,https://www.newyorkspecialed.net/districts/nyc-district-19-east-new-york/index.html,200,text/html; charset=utf-8,false,District 19 Special Education Hub | newyorkspecialed.net,56,"Complete guide to Special Education in District 19. Contacts, CSE meetings, evaluation timelines, and parent rights.",116,District 19 Special Ed Hub,26,,,https://www.newyorkspecialed.net/districts/nyc-district-19-east-new-york/,200,7452,1784,1,9,9,40,0,70,,,,,0,0,0,0,0,0
0,https://www.newyorkspecialed.net/districts/albany-city-sd/index.html,200,text/html; charset=utf-8,false,Albany City SD Special Education Hub | newyorkspecialed.net,59,"Complete guide to Special Education in Albany City SD. Contacts, CSE meetings, evaluation timelines, and parent rights.",119,Albany City SD Special Ed Hub,29,,,https://www.newyorkspecialed.net/districts/albany-city-sd/,200,8722,2307,1,10,10,40,0,53,,,,,0,0,0,0,0,0
0,https://www.newyorkspecialed.net/districts/niagara-falls-city-sd/index.html,200,text/html; charset=utf-8,false,Niagara Falls City SD Special Education Hub | newyorkspecialed.net,66,"Complete guide to Special Education in Niagara Falls City SD. Contacts, CSE meetings, evaluation timelines, and parent rights.",126,Niagara Falls City SD Special Ed Hub,36,,,https://www.newyorkspecialed.net/districts/niagara-falls-city-sd/,200,7915,2050,1,9,9,40,0,116,,,,,0,0,0,0,0,0
0,https://www.newyorkspecialed.net/districts/new-rochelle-city-sd/index.html,200,text/html; charset=utf-8,false,New Rochelle City SD Special Education Hub | newyorkspecialed.net,65,"Complete guide to Special Education in New Rochelle City SD. Contacts, CSE meetings, evaluation timelines, and parent rights.",125,New Rochelle City SD Special Ed Hub,35,,,https://www.newyorkspecialed.net/districts/new-rochelle-city-sd/,200,7483,1843,1,9,9,40,0,71,,,,,0,0,0,0,0,0
0,https://www.newyorkspecialed.net/districts/hempstead-ufsd/index.html,200,text/html; charset=utf-8,false,Hempstead UFSD Special Education Hub | newyorkspecialed.net,59,"Complete guide to Special Education in Hempstead UFSD. Contacts, CSE meetings, evaluation timelines, and parent rights.",119,Hempstead UFSD Special Ed Hub,29,,,https://www.newyorkspecialed.net/districts/hempstead-ufsd/,200,7785,1940,1,9,9,40,0,53,,,,,0,0,0,0,0,0
0,https://www.newyorkspecialed.net/districts/white-plains-city-sd/index.html,200,text/html; charset=utf-8,false,White Plains City SD Special Education Hub | newyorkspecialed.net,65,"Complete guide to Special Education in White Plains City SD. Contacts, CSE meetings, evaluation timelines, and parent rights.",125,White Plains City SD Special Ed Hub,35,,,https://www.newyorkspecialed.net/districts/white-plains-city-sd/,200,7986,2056,1,9,9,40,0,41,,,,,0,0,0,0,0,0
0,https://www.newyorkspecialed.net/districts/utica-city-sd/index.html,200,text/html; charset=utf-8,false,Utica City SD Special Education Hub | newyorkspecialed.net,58,"Complete guide to Special Education in Utica City SD. Contacts, CSE meetings, evaluation timelines, and parent rights.",118,Utica City SD Special Ed Hub,28,,,https://www.newyorkspecialed.net/districts/utica-city-sd/,200,7842,1917,1,9,9,40,0,57,,,,,0,0,0,0,0,0
0,https://www.newyorkspecialed.net/districts/william-floyd-ufsd/index.html,200,text/html; charset=utf-8,false,William Floyd UFSD Special Education Hub | newyorkspecialed.net,63,"Complete guide to Special Education in William Floyd UFSD. Contacts, CSE meetings, evaluation timelines, and parent rights.",123,William Floyd UFSD Special Ed Hub,33,,,https://www.newyorkspecialed.net/districts/william-floyd-ufsd/,200,8076,2089,1,9,9,40,0,97,,,,,0,0,0,0,0,0
0,https://www.newyorkspecialed.net/districts/nyc-district-09-grand-concourse/index.html,200,text/html; charset=utf-8,false,District 9 Special Education Hub | newyorkspecialed.net,55,"Complete guide to Special Education in District 9. Contacts, CSE meetings, evaluation timelines, and parent rights.",115,District 9 Special Ed Hub,25,,,https://www.newyorkspecialed.net/districts/nyc-district-09-grand-concourse/,200,7954,2050,1,9,9,40,0,36,,,,,0,0,0,0,0,0
0,https://www.newyorkspecialed.net/districts/nyc-district-17-crown-heights/index.html,200,text/html; charset=utf-8,false,District 17 Special Education Hub | newyorkspecialed.net,56,"Complete guide to Special Education in District 17. Contacts, CSE meetings, evaluation timelines, and parent rights.",116,District 17 Special Ed Hub,26,,,https://www.newyorkspecialed.net/districts/nyc-district-17-crown-heights/,200,7736,1929,1,9,9,40,0,47,,,,,0,0,0,0,0,0
0,https://www.newyorkspecialed.net/districts/nyc-district-29-queens-village/index.html,200,text/html; charset=utf-8,false,District 29 Special Education Hub | newyorkspecialed.net,56,"Complete guide to Special Education in District 29. Contacts, CSE meetings, evaluation timelines, and parent rights.",116,District 29 Special Ed Hub,26,,,https://www.newyorkspecialed.net/districts/nyc-district-29-queens-village/,200,7845,1971,1,9,9,40,0,93,,,,,0,0,0,0,0,0
0,https://www.newyorkspecialed.net/districts/nyc-district-32-bushwick/index.html,200,text/html; charset=utf-8,false,District 32 Special Education Hub | newyorkspecialed.net,56,"Complete guide to Special Education in District 32. Contacts, CSE meetings, evaluation timelines, and parent rights.",116,District 32 Special Ed Hub,26,,,https://www.newyorkspecialed.net/districts/nyc-district-32-bushwick/,200,7957,2011,1,9,9,40,0,78,,,,,0,0,0,0,0,0
0,https://www.newyorkspecialed.net/districts/syracuse-city-sd/index.html,200,text/html; charset=utf-8,false,Syracuse City SD Special Education Hub | newyorkspecialed.net,61,"Complete guide to Special Education in Syracuse City SD. Contacts, CSE meetings, evaluation timelines, and parent rights.",121,Syracuse City SD Special Ed Hub,31,,,https://www.newyorkspecialed.net/districts/syracuse-city-sd/,200,7964,1980,1,10,10,40,0,54,,,,,0,0,0,0,0,0
0,https://www.newyorkspecialed.net/districts/central-islip-ufsd/index.html,200,text/html; charset=utf-8,false,Central Islip UFSD Special Education Hub | newyorkspecialed.net,63,"Complete guide to Special Education in Central Islip UFSD. Contacts, CSE meetings, evaluation timelines, and parent rights.",123,Central Islip UFSD Special Ed Hub,33,,,https://www.newyorkspecialed.net/districts/central-islip-ufsd/,200,7435,1761,1,9,9,40,0,89,,,,,0,0,0,0,0,0
0,https://www.newyorkspecialed.net/districts/east-ramapo-csd/index.html,200,text/html; charset=utf-8,false,Special Education Resources — East Ramapo CSD | NY Special Ed,61,"Navigating the special education process in East Ramapo CSD can be challenging. Understand your rights, the CSE process, and access resources for your child.",157,Special Education Resources in East Ramapo CSD,46,,,https://www.newyorkspecialed.net/districts/east-ramapo-csd/,200,2105,315,1,9,9,7,0,68,,,,,0,0,0,0,0,0
0,https://www.newyorkspecialed.net/districts/nyc-district-02-upper-east-side/index.html,200,text/html; charset=utf-8,false,District 2 Special Education Hub | newyorkspecialed.net,55,"Complete guide to Special Education in District 2. Contacts, CSE meetings, evaluation timelines, and parent rights.",115,District 2 Special Ed Hub,25,,,https://www.newyorkspecialed.net/districts/nyc-district-02-upper-east-side/,200,8155,2057,1,10,10,40,0,51,,,,,0,0,0,0,0,0
0,https://www.newyorkspecialed.net/districts/nyc-district-31-staten-island/index.html,200,text/html; charset=utf-8,false,District 31 Special Education Hub | newyorkspecialed.net,56,"Complete guide to Special Education in District 31. Contacts, CSE meetings, evaluation timelines, and parent rights.",116,District 31 Special Ed Hub,26,,,https://www.newyorkspecialed.net/districts/nyc-district-31-staten-island/,200,7804,1774,1,10,10,40,0,55,,,,,0,0,0,0,0,0
0,https://www.newyorkspecialed.net/districts/yonkers-city-sd/index.html,200,text/html; charset=utf-8,false,Yonkers City SD Special Education Hub | newyorkspecialed.net,60,"Complete guide to Special Education in Yonkers City SD. Contacts, CSE meetings, evaluation timelines, and parent rights.",120,Yonkers City SD Special Ed Hub,30,,,https://www.newyorkspecialed.net/districts/yonkers-city-sd/,200,7459,1697,1,10,10,40,0,42,,,,,0,0,0,0,0,0
0,https://www.newyorkspecialed.net/districts/nyc-district-06-washington-heights/index.html,200,text/html; charset=utf-8,false,District 6 Special Education Hub | newyorkspecialed.net,55,"Complete guide to Special Education in District 6. Contacts, CSE meetings, evaluation timelines, and parent rights.",115,District 6 Special Ed Hub,25,,,https://www.newyorkspecialed.net/districts/nyc-district-06-washington-heights/,200,7446,1682,1,10,10,40,0,49,,,,,0,0,0,0,0,0
0,https://www.newyorkspecialed.net/districts/sachem-csd/index.html,200,text/html; charset=utf-8,false,Special Education Resources — Sachem CSD | NY Special Ed,56,"Navigate Sachem CSD's special education system with confidence. Learn about the CSE process, IEPs, parent rights, and available resources in Suffolk County.",156,Special Education Resources in Sachem CSD,41,,,https://www.newyorkspecialed.net/districts/sachem-csd/,200,2118,300,1,9,9,7,0,42,,,,,0,0,0,0,0,0
0,http://newyorkspecialed.net/,308,text/plain,false,,,,,,,,,,,14,0,0,0,0,0,0,10,https://newyorkspecialed.net/,307,https://www.newyorkspecialed.net/,200,0,0,0,0,0,0
0,https://www.newyorkspecialed.net/districts/nyc-district-10-riverdale/index.html,200,text/html; charset=utf-8,false,District 10 Special Education Hub | newyorkspecialed.net,56,"Complete guide to Special Education in District 10. Contacts, CSE meetings, evaluation timelines, and parent rights.",116,District 10 Special Ed Hub,26,,,https://www.newyorkspecialed.net/districts/nyc-district-10-riverdale/,200,7135,1603,1,9,9,40,0,73,,,,,0,0,0,0,0,0
0,https://www.newyorkspecialed.net/districts/nyc-district-01-lower-east-side/index.html,200,text/html; charset=utf-8,false,District 1 Special Education Hub | newyorkspecialed.net,55,"Complete guide to Special Education in District 1. Contacts, CSE meetings, evaluation timelines, and parent rights.",115,District 1 Special Ed Hub,25,,,https://www.newyorkspecialed.net/districts/nyc-district-01-lower-east-side/,200,7744,1790,1,10,10,40,0,109,,,,,0,0,0,0,0,0
0,https://www.newyorkspecialed.net/districts/poughkeepsie-city-sd/index.html,200,text/html; charset=utf-8,false,Poughkeepsie City SD Special Education Hub | newyorkspecialed.net,65,"Complete guide to Special Education in Poughkeepsie City SD. Contacts, CSE meetings, evaluation timelines, and parent rights.",125,Poughkeepsie City SD Special Ed Hub,35,,,https://www.newyorkspecialed.net/districts/poughkeepsie-city-sd/,200,7498,1835,1,9,9,40,0,76,,,,,0,0,0,0,0,0
0,https://www.newyorkspecialed.net/districts/nyc-district-18-east-flatbush/index.html,200,text/html; charset=utf-8,false,District 18 Special Education Hub | newyorkspecialed.net,56,"Complete guide to Special Education in District 18. Contacts, CSE meetings, evaluation timelines, and parent rights.",116,District 18 Special Ed Hub,26,,,https://www.newyorkspecialed.net/districts/nyc-district-18-east-flatbush/,200,7700,1906,1,9,9,40,0,80,,,,,0,0,0,0,0,0
0,https://www.newyorkspecialed.net/districts/nyc-district-16-bed-stuy/index.html,200,text/html; charset=utf-8,false,District 16 Special Education Hub | newyorkspecialed.net,56,"Complete guide to Special Education in District 16. Contacts, CSE meetings, evaluation timelines, and parent rights.",116,District 16 Special Ed Hub,26,,,https://www.newyorkspecialed.net/districts/nyc-district-16-bed-stuy/,200,7941,1969,1,9,9,40,0,102,,,,,0,0,0,0,0,0
0,https://www.newyorkspecialed.net/districts/nyc-district-75/index.html,200,text/html; charset=utf-8,false,District 75 Special Education Hub | newyorkspecialed.net,56,"Complete guide to Special Education in District 75. Contacts, CSE meetings, evaluation timelines, and parent rights.",116,District 75 Special Ed Hub,26,,,https://www.newyorkspecialed.net/districts/nyc-district-75/,200,7987,1973,1,10,10,40,0,41,,,,,0,0,0,0,0,0
0,https://www.newyorkspecialed.net/districts/nyc-district-13-brooklyn-heights/index.html,200,text/html; charset=utf-8,false,District 13 Special Education Hub | newyorkspecialed.net,56,"Complete guide to Special Education in District 13. Contacts, CSE meetings, evaluation timelines, and parent rights.",116,District 13 Special Ed Hub,26,,,https://www.newyorkspecialed.net/districts/nyc-district-13-brooklyn-heights/,200,8572,2161,1,10,10,40,0,312,,,,,0,0,0,0,0,0
